02/08/2021 18:06:01;1627938361;-23.73;55166;7427
02/08/2021 18:06:31;1627938391;-23.66;54899;7415
02/08/2021 18:07:01;1627938421;-23.63;55123;7398
02/08/2021 18:07:31;1627938451;-23.69;55235;7380
02/08/2021 18:08:01;1627938481;-23.48;55173;7364
02/08/2021 18:08:31;1627938511;-23.42;55263;5404
02/08/2021 18:09:01;1627938541;-23.48;55229;7434
02/08/2021 18:09:32;1627938572;-23.6;55200;7437
02/08/2021 18:10:02;1627938602;-23.54;55249;5378
02/08/2021 18:10:32;1627938632;-23.66;55305;7329
02/08/2021 18:11:02;1627938662;-23.39;55151;8814
02/08/2021 18:11:32;1627938692;-23.54;55229;8331
02/08/2021 18:12:02;1627938722;-23.45;55285;7339
02/08/2021 18:12:32;1627938752;-23.45;55263;10089
02/08/2021 18:13:02;1627938782;-23.42;55271;8351
02/08/2021 18:13:32;1627938812;-23.51;55291;7473
02/08/2021 18:14:02;1627938842;-23.57;55271;7518
02/08/2021 18:14:32;1627938872;-23.63;55278;7468
02/08/2021 18:15:02;1627938902;-23.42;55047;8474
02/08/2021 18:15:32;1627938932;-23.63;55229;7430
02/08/2021 18:16:02;1627938962;-23.57;55186;8792
02/08/2021 18:16:32;1627938992;-23.51;55271;7402
02/08/2021 18:17:02;1627939022;-23.73;55249;7382
02/08/2021 18:17:32;1627939052;-23.36;55179;7374
02/08/2021 18:18:02;1627939082;-23.36;55312;7329
02/08/2021 18:18:32;1627939112;-23.36;55207;7436
02/08/2021 18:19:32;1627939172;-23.39;55298;7405
02/08/2021 18:20:02;1627939202;-23.45;55222;7393
02/08/2021 18:20:32;1627939232;-23.54;55229;10105
02/08/2021 18:21:02;1627939262;-23.48;55242;7374
02/08/2021 18:21:32;1627939292;-23.36;55291;7568
02/08/2021 18:22:02;1627939322;-23.48;55291;7532
02/08/2021 18:22:32;1627939352;-23.79;55271;7529
02/08/2021 18:23:02;1627939382;-23.66;55242;8580
02/08/2021 18:23:32;1627939412;-23.69;55249;5334
02/08/2021 18:24:02;1627939442;-23.51;55291;8517
02/08/2021 18:24:32;1627939472;-23.63;55229;8833
02/08/2021 18:25:02;1627939502;-23.33;55271;7443
02/08/2021 18:25:32;1627939532;-23.48;55242;8563
02/08/2021 18:26:02;1627939562;-23.85;55222;7366
02/08/2021 18:26:32;1627939592;-23.79;55271;7403
02/08/2021 18:27:02;1627939622;-23.51;55229;7330
02/08/2021 18:27:32;1627939652;-23.69;55193;8438
02/08/2021 18:28:02;1627939682;-23.73;55285;8263
02/08/2021 18:28:32;1627939712;-23.42;55110;7584
02/08/2021 18:29:02;1627939742;-23.45;55222;7421
02/08/2021 18:29:32;1627939772;-23.45;55285;7398
02/08/2021 18:30:02;1627939802;-23.57;55263;5635
02/08/2021 18:30:33;1627939833;-23.66;55242;9165
02/08/2021 18:31:02;1627939862;-23.45;55312;25711
02/08/2021 18:31:32;1627939892;-23.66;55179;7448
02/08/2021 18:32:02;1627939922;-23.57;55207;7429
02/08/2021 18:32:32;1627939952;-23.54;55242;7405
02/08/2021 18:33:02;1627939982;-23.54;55263;5340
02/08/2021 18:33:32;1627940012;-23.48;55263;5332
02/08/2021 18:34:02;1627940042;-23.48;55285;6128
02/08/2021 18:34:33;1627940073;-23.73;55291;5394
02/08/2021 18:35:02;1627940102;-23.57;55298;5377
02/08/2021 18:35:32;1627940132;-23.57;55278;7410
02/08/2021 18:36:03;1627940163;-23.33;55263;5356
02/08/2021 18:36:33;1627940193;-23.48;55271;7379
02/08/2021 18:37:03;1627940223;-23.48;55291;5415
02/08/2021 18:37:33;1627940253;-23.21;55285;5399
02/08/2021 18:38:03;1627940283;-23.36;55291;7431
02/08/2021 18:38:33;1627940313;-23.36;55285;9873
02/08/2021 18:39:03;1627940343;-23.42;55249;7402
02/08/2021 18:39:33;1627940373;-23.36;55179;7388
02/08/2021 18:40:03;1627940403;-23.6;55173;7374
02/08/2021 18:40:33;1627940433;-23.48;55271;5408
02/08/2021 18:41:03;1627940463;-23.51;55249;7848
02/08/2021 18:41:33;1627940493;-23.48;55305;7323
02/08/2021 18:42:16;1627940536;-23.42;55285;7609
02/08/2021 18:42:33;1627940553;-23.6;55312;7388
02/08/2021 18:43:03;1627940583;-23.51;55298;7378
02/08/2021 18:43:33;1627940613;-23.21;55278;7358
02/08/2021 18:44:03;1627940643;-23.39;55291;7543
02/08/2021 18:44:33;1627940673;-23.66;55193;7630
02/08/2021 18:45:03;1627940703;-23.54;55271;5377
02/08/2021 18:45:33;1627940733;-23.33;55327;8943
02/08/2021 18:46:03;1627940763;-23.73;55207;7582
02/08/2021 18:46:33;1627940793;-23.39;55151;7365
02/08/2021 18:47:03;1627940823;-23.45;55334;7652
02/08/2021 18:47:33;1627940853;-23.48;55271;7435
02/08/2021 18:48:03;1627940883;-23.63;55193;7423
02/08/2021 18:48:33;1627940913;-23.33;55375;10100
02/08/2021 18:49:03;1627940943;-23.45;55327;10150
02/08/2021 18:49:33;1627940973;-23.36;55159;7385
02/08/2021 18:50:03;1627941003;-23.48;55327;8379
02/08/2021 18:50:33;1627941033;-23.42;55334;7362
02/08/2021 18:51:03;1627941063;-23.33;55375;8343
02/08/2021 18:51:33;1627941093;-23.39;55305;7341
02/08/2021 18:52:03;1627941123;-23.66;55242;7338
02/08/2021 18:52:33;1627941153;-23.57;55235;7495
02/08/2021 18:53:03;1627941183;-23.3;55159;7469
02/08/2021 18:53:33;1627941213;-23.54;55312;7348
02/08/2021 18:54:03;1627941243;-23.42;55123;7433
02/08/2021 18:54:33;1627941273;-23.51;55215;6831
02/08/2021 18:55:03;1627941303;-23.3;55039;5362
02/08/2021 18:55:33;1627941333;-23.39;55298;7388
02/08/2021 18:56:03;1627941363;-23.39;55327;7372
02/08/2021 18:56:33;1627941393;-23.45;55249;7357
02/08/2021 18:57:03;1627941423;-23.33;55117;7331
02/08/2021 18:57:33;1627941453;-23.3;55278;5581
02/08/2021 19:16:46;1627942606;-23.27;55319;5609
02/08/2021 19:17:16;1627942636;-23.57;55354;10895
02/08/2021 19:17:46;1627942666;-23.3;55229;8940
02/08/2021 19:18:16;1627942696;-23.39;55390;7338
02/08/2021 19:18:46;1627942726;-23.3;55397;7368
02/08/2021 19:19:16;1627942756;-23.24;55222;7352
02/08/2021 19:19:46;1627942786;-23.36;55383;7436
02/08/2021 19:20:16;1627942816;-23.39;55375;5372
02/08/2021 19:21:16;1627942876;-23.21;55354;7901
02/08/2021 19:21:46;1627942906;-23.39;55348;7363
02/08/2021 19:22:16;1627942936;-23.42;55319;5425
02/08/2021 19:23:16;1627942996;-23.12;55354;7440
02/08/2021 19:23:46;1627943026;-23.33;55375;7419
02/08/2021 19:24:16;1627943056;-23.82;55285;7823
02/08/2021 19:24:46;1627943086;-23.21;55263;5438
02/08/2021 19:25:16;1627943116;-23.54;55271;7368
02/08/2021 19:25:46;1627943146;-23.27;55291;5404
02/08/2021 19:26:16;1627943176;-23.3;55271;5427
02/08/2021 19:26:46;1627943206;-23.36;55348;5397
02/08/2021 19:27:16;1627943236;-23.3;55319;7720
02/08/2021 19:27:47;1627943267;-23.39;55319;7347
02/08/2021 19:28:17;1627943297;-23.39;55375;8458
02/08/2021 19:28:47;1627943327;-23.36;55305;8699
02/08/2021 19:29:17;1627943357;-23.21;55249;10969
02/08/2021 19:29:47;1627943387;-23.33;55361;7369
02/08/2021 19:30:17;1627943417;-23.24;55263;5365
02/08/2021 19:30:47;1627943447;-23.3;55348;7433
02/08/2021 19:31:17;1627943477;-23.18;55327;7382
02/08/2021 19:31:47;1627943507;-23.08;55263;7375
02/08/2021 19:32:17;1627943537;-23.63;55312;7351
02/08/2021 19:32:47;1627943567;-23.27;55312;8465
02/08/2021 19:33:47;1627943627;-23.24;55312;5360
02/08/2021 19:34:17;1627943657;-23.48;55319;9877
02/08/2021 19:34:47;1627943687;-23.39;55298;7485
02/08/2021 19:35:17;1627943717;-23.42;55327;7367
02/08/2021 19:36:17;1627943777;-23.27;55348;8361
02/08/2021 19:36:47;1627943807;-23.36;55361;7421
02/08/2021 19:37:17;1627943837;-23.21;55460;7436
02/08/2021 19:37:47;1627943867;-23.08;55291;7396
02/08/2021 19:39:17;1627943957;-23.18;55368;8476
02/08/2021 19:40:17;1627944017;-23.24;55404;10424
02/08/2021 19:40:47;1627944047;-23.18;55383;7393
02/08/2021 19:41:17;1627944077;-23.21;55431;13965
02/08/2021 19:41:47;1627944107;-23.24;55327;8372
02/08/2021 19:42:17;1627944137;-23.33;55348;7342
02/08/2021 19:42:47;1627944167;-23.21;55298;6407
02/08/2021 19:43:17;1627944197;-23.24;55130;10149
02/08/2021 19:44:17;1627944257;-22.99;55361;8366
02/08/2021 19:44:47;1627944287;-23.33;55404;10249
02/08/2021 19:45:17;1627944317;-23.39;55348;7330
02/08/2021 19:45:47;1627944347;-23.36;55249;7346
02/08/2021 19:46:17;1627944377;-23.21;55298;7357
02/08/2021 19:46:47;1627944407;-23.15;55186;7409
02/08/2021 19:47:17;1627944437;-23.33;55390;7391
02/08/2021 19:47:47;1627944467;-23.24;55179;6500
02/08/2021 19:48:17;1627944497;-23.3;55222;7355
02/08/2021 19:48:47;1627944527;-23.36;55390;8338
02/08/2021 19:49:17;1627944557;-23.3;55397;8366
02/08/2021 19:49:47;1627944587;-23.18;55312;8467
02/08/2021 19:50:17;1627944617;-23.21;55341;7602
02/08/2021 19:50:47;1627944647;-23.33;55341;7482
02/08/2021 19:51:17;1627944677;-23.33;55375;9977
02/08/2021 19:51:47;1627944707;-23.3;55354;8335
02/08/2021 19:52:17;1627944737;-23.3;55327;7434
02/08/2021 19:52:47;1627944767;-23.33;55341;11909
02/08/2021 19:53:17;1627944797;-23.36;55341;8380
02/08/2021 19:53:47;1627944827;-23.39;55319;7357
02/08/2021 19:54:17;1627944857;-23.33;55397;7352
02/08/2021 19:54:47;1627944887;-23.18;55348;7335
02/08/2021 19:55:17;1627944917;-23.42;55404;7331
02/08/2021 19:55:47;1627944947;-23.3;55334;7355
02/08/2021 19:56:17;1627944977;-23.42;55375;7411
02/08/2021 19:56:48;1627945008;-23.33;55348;7341
02/08/2021 19:57:18;1627945038;-23.21;55327;8384
02/08/2021 19:57:48;1627945068;-22.96;55453;8597
02/08/2021 19:58:18;1627945098;-23.3;55327;7357
02/08/2021 19:58:48;1627945128;-23.27;55235;13992
02/08/2021 19:59:18;1627945158;-23.27;55263;5337
02/08/2021 19:59:48;1627945188;-23.36;55130;10371
02/08/2021 20:00:18;1627945218;-23.12;55390;10226
02/08/2021 20:00:48;1627945248;-23.36;55285;8383
02/08/2021 20:01:18;1627945278;-23.12;55229;12963
02/08/2021 20:01:48;1627945308;-23.15;55368;8394
02/08/2021 20:02:18;1627945338;-22.9;55334;7373
02/08/2021 20:02:48;1627945368;-23.08;55431;8589
02/08/2021 20:03:18;1627945398;-23.3;55397;7387
02/08/2021 20:03:48;1627945428;-23.18;55375;13469
02/08/2021 20:04:18;1627945458;-23.08;55263;7347
02/08/2021 20:04:48;1627945488;-23.18;55361;10372
02/08/2021 20:05:18;1627945518;-23.36;55348;10143
02/08/2021 20:05:48;1627945548;-23.33;55341;10347
02/08/2021 20:06:18;1627945578;-23.27;55327;8375
02/08/2021 20:06:48;1627945608;-23.15;55341;10410
02/08/2021 20:07:18;1627945638;-23.12;55305;8370
02/08/2021 20:07:48;1627945668;-23.15;55298;7349
02/08/2021 20:08:18;1627945698;-23.12;55439;12958
02/08/2021 20:08:48;1627945728;-23.45;55410;5385
02/08/2021 20:09:18;1627945758;-23.33;55298;8181
02/08/2021 20:09:48;1627945788;-23.08;55368;7501
02/08/2021 20:10:18;1627945818;-23.15;55375;6171
02/08/2021 20:10:48;1627945848;-23.08;55390;11980
02/08/2021 20:11:18;1627945878;-23.15;55390;7331
02/08/2021 20:11:48;1627945908;-22.99;55368;5342
02/08/2021 20:12:18;1627945938;-23.18;55298;8076
02/08/2021 20:12:48;1627945968;-23.18;55368;7411
02/08/2021 20:13:18;1627945998;-23.24;55417;7392
02/08/2021 20:13:48;1627946028;-23.27;55397;5445
02/08/2021 20:14:18;1627946058;-23.15;55410;5341
02/08/2021 20:14:48;1627946088;-23.24;55341;7355
02/08/2021 20:15:18;1627946118;-23.08;55410;7439
02/08/2021 20:15:48;1627946148;-23.02;55439;7517
02/08/2021 20:16:18;1627946178;-23.3;55390;8026
02/08/2021 20:17:18;1627946238;-22.99;55285;7381
02/08/2021 20:17:48;1627946268;-23.27;55417;7354
02/08/2021 20:18:19;1627946299;-23.33;55375;7448
02/08/2021 20:18:49;1627946329;-23.21;55354;7446
02/08/2021 20:19:19;1627946359;-23.12;55410;7433
02/08/2021 20:19:49;1627946389;-23.24;55348;7409
02/08/2021 20:20:19;1627946419;-23.18;55390;7391
02/08/2021 20:20:49;1627946449;-23.33;55495;5420
02/08/2021 20:21:19;1627946479;-23.3;55305;7349
02/08/2021 20:21:49;1627946509;-23.08;55334;8429
02/08/2021 20:22:19;1627946539;-23.24;55404;5403
02/08/2021 20:22:49;1627946569;-23.24;55439;7404
02/08/2021 20:23:19;1627946599;-23.21;55229;5347
02/08/2021 20:23:49;1627946629;-22.96;55263;7477
02/08/2021 20:24:19;1627946659;-23.24;55375;7357
02/08/2021 20:24:49;1627946689;-23.3;55327;5713
02/08/2021 20:25:19;1627946719;-23.15;55466;7427
02/08/2021 20:25:49;1627946749;-23.21;55446;7419
02/08/2021 20:26:19;1627946779;-23.54;55263;7398
02/08/2021 20:26:49;1627946809;-23.08;55417;7387
02/08/2021 20:27:19;1627946839;-23.24;55159;7367
02/08/2021 20:27:49;1627946869;-23.45;55334;5410
02/08/2021 20:28:19;1627946899;-23.21;55368;7446
02/08/2021 20:28:49;1627946929;-23.36;55390;7427
02/08/2021 20:29:19;1627946959;-23.33;55383;5364
02/08/2021 20:29:49;1627946989;-23.24;55312;5459
02/08/2021 20:30:19;1627947019;-23.54;55368;5431
02/08/2021 20:30:49;1627947049;-23.33;55397;7364
02/08/2021 20:31:19;1627947079;-23.05;55285;7349
02/08/2021 20:31:49;1627947109;-23.3;55327;7433
02/08/2021 20:32:19;1627947139;-23.39;55278;9456
02/08/2021 20:32:49;1627947169;-23.33;55424;8518
02/08/2021 20:33:19;1627947199;-23.02;55263;7492
02/08/2021 20:33:49;1627947229;-23.02;55397;7473
02/08/2021 20:34:19;1627947259;-23.33;55417;7460
02/08/2021 20:34:49;1627947289;-23.42;55305;7436
02/08/2021 20:35:19;1627947319;-23.15;55368;7428
02/08/2021 20:35:49;1627947349;-23.54;55242;5356
02/08/2021 20:36:19;1627947379;-23.39;55417;5447
02/08/2021 20:36:49;1627947409;-23.33;55383;7371
02/08/2021 20:37:19;1627947439;-23.15;55327;7362
02/08/2021 20:37:49;1627947469;-23.42;55103;7443
02/08/2021 20:38:19;1627947499;-23.21;55229;7425
02/08/2021 20:38:49;1627947529;-23.05;55074;7412
02/08/2021 20:39:19;1627947559;-23.45;55404;6279
02/08/2021 20:39:49;1627947589;-23.27;55375;7376
02/08/2021 20:40:19;1627947619;-23.18;55431;7466
02/08/2021 20:40:49;1627947649;-23.18;55446;7349
02/08/2021 20:41:19;1627947679;-23.18;55502;7435
02/08/2021 20:41:49;1627947709;-23.27;55354;7418
02/08/2021 20:42:19;1627947739;-23.39;55431;7404
02/08/2021 20:42:49;1627947769;-23.33;55390;7385
02/08/2021 20:43:19;1627947799;-23.33;55473;7370
02/08/2021 20:43:49;1627947829;-23.36;55361;7354
02/08/2021 20:44:19;1627947859;-23.39;55446;5409
02/08/2021 20:44:49;1627947889;-23.3;55354;7439
02/08/2021 20:45:20;1627947920;-23.08;55375;7411
02/08/2021 20:45:50;1627947950;-23.3;55417;7393
02/08/2021 20:46:20;1627947980;-23.18;55410;7378
02/08/2021 20:46:50;1627948010;-23.21;55390;5416
02/08/2021 20:47:20;1627948040;-23.27;55487;5399
02/08/2021 20:47:50;1627948070;-23.21;55397;7433
02/08/2021 20:48:20;1627948100;-23.33;55439;7419
02/08/2021 20:48:50;1627948130;-23.15;55368;7402
02/08/2021 20:49:20;1627948160;-23.21;55446;7384
02/08/2021 20:49:50;1627948190;-23.33;55383;7368
02/08/2021 20:50:20;1627948220;-23.45;55291;7351
02/08/2021 20:50:50;1627948250;-23.15;55431;7440
02/08/2021 20:51:20;1627948280;-23.39;55480;5376
02/08/2021 20:51:50;1627948310;-23.27;55375;8847
02/08/2021 20:52:20;1627948340;-23.3;55439;7394
02/08/2021 20:52:50;1627948370;-23.15;55404;7377
02/08/2021 20:53:20;1627948400;-23.24;55529;9716
02/08/2021 20:53:50;1627948430;-23.15;55480;7344
02/08/2021 20:54:20;1627948460;-23.21;55502;7432
02/08/2021 20:54:50;1627948490;-23.33;55397;5368
02/08/2021 20:55:20;1627948520;-23.3;55460;7399
02/08/2021 20:55:50;1627948550;-23.3;55480;7392
02/08/2021 20:56:20;1627948580;-23.27;55516;7373
02/08/2021 20:56:50;1627948610;-23.24;55480;7352
02/08/2021 20:57:20;1627948640;-23.42;55466;7356
02/08/2021 20:57:50;1627948670;-23.21;55565;7432
02/08/2021 20:58:20;1627948700;-23.18;55516;7408
02/08/2021 20:58:50;1627948730;-23.27;55522;7391
02/08/2021 20:59:20;1627948760;-23.18;55522;5430
02/08/2021 20:59:50;1627948790;-23.05;55516;7361
02/08/2021 21:00:20;1627948820;-23.39;55480;7343
02/08/2021 21:00:50;1627948850;-23.36;55439;7430
02/08/2021 21:01:20;1627948880;-23.39;55480;7519
02/08/2021 21:01:50;1627948910;-23.24;55480;7415
02/08/2021 21:02:20;1627948940;-23.39;55466;7383
02/08/2021 21:02:50;1627948970;-23.08;55480;7365
02/08/2021 21:03:20;1627949000;-23.45;55446;5414
02/08/2021 21:03:50;1627949030;-23.21;55466;7846
02/08/2021 21:04:20;1627949060;-23.02;55453;8348
02/08/2021 21:04:50;1627949090;-23.39;55480;7403
02/08/2021 21:05:20;1627949120;-22.96;55341;8411
02/08/2021 21:05:50;1627949150;-23.18;55390;5425
02/08/2021 21:06:20;1627949180;-23.24;55453;5410
02/08/2021 21:06:50;1627949210;-23.27;55319;7441
02/08/2021 21:07:20;1627949240;-23.33;55466;7429
02/08/2021 21:07:50;1627949270;-23.27;55460;7412
02/08/2021 21:08:20;1627949300;-23.27;55404;7396
02/08/2021 21:08:50;1627949330;-23.36;55473;7381
02/08/2021 21:09:21;1627949361;-23.39;55431;7387
02/08/2021 21:09:50;1627949390;-23.18;55466;7349
02/08/2021 21:10:21;1627949421;-23.15;55446;7436
02/08/2021 21:10:50;1627949450;-23.27;55397;5373
02/08/2021 21:11:21;1627949481;-23.42;55473;7404
02/08/2021 21:11:51;1627949511;-23.3;55368;7390
02/08/2021 21:12:21;1627949541;-23.3;55410;7372
02/08/2021 21:12:51;1627949571;-23.27;55446;7358
02/08/2021 21:13:21;1627949601;-23.3;55446;7340
02/08/2021 21:13:51;1627949631;-23.27;55439;7428
02/08/2021 21:14:21;1627949661;-23.21;55431;8848
02/08/2021 21:14:51;1627949691;-23.18;55487;5353
02/08/2021 21:15:21;1627949721;-23.33;55460;7380
02/08/2021 21:15:51;1627949751;-23.08;55460;7366
02/08/2021 21:16:21;1627949781;-23.15;55397;7350
02/08/2021 21:16:51;1627949811;-22.99;55466;5390
02/08/2021 21:17:21;1627949841;-23.24;55460;5372
02/08/2021 21:17:51;1627949871;-23.3;55410;7406
02/08/2021 21:18:21;1627949901;-23.24;55453;10878
02/08/2021 21:18:51;1627949931;-23.36;55446;7374
02/08/2021 21:19:21;1627949961;-23.24;55439;7455
02/08/2021 21:19:51;1627949991;-23.18;55480;8975
02/08/2021 21:20:21;1627950021;-23.24;55410;7426
02/08/2021 21:20:51;1627950051;-23.24;55473;9463
02/08/2021 21:21:21;1627950081;-23.12;55460;7396
02/08/2021 21:21:51;1627950111;-23.21;55460;7379
02/08/2021 21:22:21;1627950141;-22.99;55509;5418
02/08/2021 21:22:51;1627950171;-23.21;55424;7346
02/08/2021 21:23:21;1627950201;-23.08;55473;7434
02/08/2021 21:23:51;1627950231;-23.15;55446;7417
02/08/2021 21:24:21;1627950261;-22.99;55558;7402
02/08/2021 21:24:51;1627950291;-23.3;55327;7384
02/08/2021 21:25:21;1627950321;-22.99;55460;5423
02/08/2021 21:25:51;1627950351;-23.12;55397;7353
02/08/2021 21:26:21;1627950381;-23.18;55473;7337
02/08/2021 21:26:51;1627950411;-22.99;55480;7425
02/08/2021 21:27:21;1627950441;-23.24;55460;7409
02/08/2021 21:27:51;1627950471;-22.87;55410;7394
02/08/2021 21:28:21;1627950501;-23.12;55460;7473
02/08/2021 21:28:51;1627950531;-23.08;55446;5414
02/08/2021 21:29:21;1627950561;-23.12;55305;7343
02/08/2021 21:29:51;1627950591;-22.87;55466;7430
02/08/2021 21:30:21;1627950621;-23.21;55383;7414
02/08/2021 21:30:51;1627950651;-22.99;55404;7397
02/08/2021 21:31:21;1627950681;-23.3;55592;7380
02/08/2021 21:31:51;1627950711;-23.18;55453;7367
02/08/2021 21:32:21;1627950741;-23.02;55439;7453
02/08/2021 21:32:51;1627950771;-23.08;55312;7438
02/08/2021 21:33:21;1627950801;-22.9;55480;7421
02/08/2021 21:33:51;1627950831;-23.18;55361;5358
02/08/2021 21:34:21;1627950861;-23.02;55390;7390
02/08/2021 21:34:51;1627950891;-23.05;55424;7373
02/08/2021 21:35:21;1627950921;-23.02;55383;8402
02/08/2021 21:35:52;1627950952;-22.93;55431;9391
02/08/2021 21:36:21;1627950981;-23.18;55410;9377
02/08/2021 21:36:51;1627951011;-22.99;55354;7414
02/08/2021 21:37:22;1627951042;-23.21;55431;7397
02/08/2021 21:37:52;1627951072;-23.36;55466;7421
02/08/2021 21:38:22;1627951102;-23.18;55390;5420
02/08/2021 21:38:52;1627951132;-23.3;55404;7364
02/08/2021 21:39:22;1627951162;-23.15;55480;9384
02/08/2021 21:39:52;1627951192;-23.27;55404;7429
02/08/2021 21:40:22;1627951222;-23.12;55502;7407
02/08/2021 21:40:52;1627951252;-23.02;55383;7391
02/08/2021 21:41:22;1627951282;-23.12;55397;7490
02/08/2021 21:41:52;1627951312;-23.27;55417;7362
02/08/2021 21:42:22;1627951342;-23.02;55473;7348
02/08/2021 21:42:52;1627951372;-23.3;55410;5385
02/08/2021 21:43:22;1627951402;-23.18;55431;7419
02/08/2021 21:43:52;1627951432;-23.02;55348;5353
02/08/2021 21:44:22;1627951462;-23.24;55390;7998
02/08/2021 21:44:52;1627951492;-23.15;55390;7369
02/08/2021 21:45:22;1627951522;-22.99;55439;7350
02/08/2021 21:45:52;1627951552;-23.12;55404;7439
02/08/2021 21:46:22;1627951582;-22.93;55341;7421
02/08/2021 21:46:52;1627951612;-23.02;55417;7406
02/08/2021 21:47:22;1627951642;-23.18;55460;7391
02/08/2021 21:47:52;1627951672;-23.21;55327;7384
02/08/2021 21:48:22;1627951702;-23.15;55361;7358
02/08/2021 21:48:52;1627951732;-23.3;55327;8896
02/08/2021 21:49:22;1627951762;-23.24;55431;7430
02/08/2021 21:49:52;1627951792;-23.08;55439;7413
02/08/2021 21:50:22;1627951822;-23.08;55368;7400
02/08/2021 21:50:52;1627951852;-23.15;55368;7384
02/08/2021 21:51:22;1627951882;-22.99;55312;7369
02/08/2021 21:51:52;1627951912;-23.15;55354;7358
02/08/2021 21:52:22;1627951942;-23.27;55186;7745
02/08/2021 21:52:52;1627951972;-23.08;55298;7329
02/08/2021 21:53:22;1627952002;-23.3;55312;5360
02/08/2021 21:53:52;1627952032;-23.12;55404;7391
02/08/2021 21:54:22;1627952062;-23.24;55424;7377
02/08/2021 21:54:52;1627952092;-23.08;55375;8692
02/08/2021 21:55:22;1627952122;-23.05;55361;7652
02/08/2021 21:55:52;1627952152;-22.99;55417;7431
02/08/2021 21:56:22;1627952182;-23.12;55410;5372
02/08/2021 21:56:52;1627952212;-23.24;55368;7611
02/08/2021 21:57:22;1627952242;-23.12;55390;7384
02/08/2021 21:57:52;1627952272;-23.08;55424;7375
02/08/2021 21:58:22;1627952302;-23.08;55410;5611
02/08/2021 21:58:52;1627952332;-23.18;55417;7438
02/08/2021 21:59:22;1627952362;-23.08;55417;7422
02/08/2021 21:59:52;1627952392;-22.99;55410;7508
02/08/2021 22:00:22;1627952422;-23.05;55410;5342
02/08/2021 22:00:52;1627952452;-23.12;55404;7478
02/08/2021 22:01:22;1627952482;-23.24;55410;5331
02/08/2021 22:01:52;1627952512;-23.12;55410;7343
02/08/2021 22:02:23;1627952543;-23.15;55341;7442
02/08/2021 22:02:52;1627952572;-23.21;55383;7414
02/08/2021 22:03:22;1627952602;-23.15;55383;7399
02/08/2021 22:03:53;1627952633;-22.99;55390;5437
02/08/2021 22:04:23;1627952663;-23.12;55348;11361
02/08/2021 22:04:53;1627952693;-23.02;55383;9304
02/08/2021 22:05:23;1627952723;-23.24;55383;16512
02/08/2021 22:05:53;1627952753;-22.9;55334;7316
02/08/2021 22:06:23;1627952783;-23.21;55319;8327
02/08/2021 22:06:53;1627952813;-23.12;55327;19268
02/08/2021 22:07:23;1627952843;-23.27;55334;18327
02/08/2021 22:07:53;1627952873;-23.05;55291;12161
02/08/2021 22:08:23;1627952903;-23.12;55334;19318
02/08/2021 22:08:53;1627952933;-23.27;55327;7225
02/08/2021 22:09:23;1627952963;-23.18;55291;5386
02/08/2021 22:09:53;1627952993;-23.12;55291;6168
02/08/2021 22:10:23;1627953023;-22.96;55354;8107
02/08/2021 22:10:53;1627953053;-23.12;55291;14126
02/08/2021 22:11:23;1627953083;-23.02;55341;9090
02/08/2021 22:11:53;1627953113;-23.08;55285;8837
02/08/2021 22:12:23;1627953143;-23.08;55298;12351
02/08/2021 22:12:53;1627953173;-23.15;55341;5872
02/08/2021 22:13:23;1627953203;-23.08;55235;21115
02/08/2021 22:13:53;1627953233;-23.08;55312;7071
02/08/2021 22:14:23;1627953263;-23.02;55334;6031
02/08/2021 22:14:53;1627953293;-23.12;55291;11126
02/08/2021 22:15:23;1627953323;-22.93;55249;9062
02/08/2021 22:15:53;1627953353;-23.21;55319;7411
02/08/2021 22:16:23;1627953383;-23.05;55278;8930
02/08/2021 22:16:53;1627953413;-22.96;55278;5433
02/08/2021 22:17:23;1627953443;-22.96;55312;6958
02/08/2021 22:17:53;1627953473;-23.05;55305;7353
02/08/2021 22:18:23;1627953503;-23.12;55319;5397
02/08/2021 22:18:53;1627953533;-23.05;55271;5375
02/08/2021 22:19:23;1627953563;-23.18;55298;7921
02/08/2021 22:19:53;1627953593;-23.05;55305;7387
02/08/2021 22:20:23;1627953623;-23.12;55327;7792
02/08/2021 22:20:53;1627953653;-23.15;55298;8754
02/08/2021 22:21:23;1627953683;-23.3;55327;7343
02/08/2021 22:21:53;1627953713;-23.3;55242;7425
02/08/2021 22:22:23;1627953743;-23.12;55271;7333
02/08/2021 22:22:53;1627953773;-23.21;55242;7338
02/08/2021 22:23:23;1627953803;-23.3;55319;7379
02/08/2021 22:23:53;1627953833;-23.12;55312;7671
02/08/2021 22:24:23;1627953863;-23.27;55298;7860
02/08/2021 22:24:53;1627953893;-23.08;55298;5388
02/08/2021 22:25:23;1627953923;-22.99;55305;7423
02/08/2021 22:25:54;1627953954;-23.24;55305;7408
02/08/2021 22:26:23;1627953983;-23.39;55285;7390
02/08/2021 22:26:53;1627954013;-23.39;55249;5431
02/08/2021 22:27:23;1627954043;-23.15;55271;7362
02/08/2021 22:27:53;1627954073;-23.39;55291;5394
02/08/2021 22:28:23;1627954103;-23.42;55249;5377
02/08/2021 22:28:53;1627954133;-23.3;55291;7418
02/08/2021 22:29:24;1627954164;-23.18;55285;5347
02/08/2021 22:29:54;1627954194;-23.18;55271;7383
02/08/2021 22:30:24;1627954224;-23.27;55278;7363
02/08/2021 22:30:54;1627954254;-23.27;55186;7348
02/08/2021 22:31:24;1627954284;-23.3;55271;5391
02/08/2021 22:31:54;1627954314;-23.42;55278;7421
02/08/2021 22:32:24;1627954344;-23.36;55200;7407
02/08/2021 22:32:54;1627954374;-23.33;55278;7387
02/08/2021 22:33:24;1627954404;-23.12;55229;7374
02/08/2021 22:33:54;1627954434;-23.36;55278;7354
02/08/2021 22:34:24;1627954464;-23.27;55242;7352
02/08/2021 22:34:54;1627954494;-23.3;55242;8350
02/08/2021 22:35:24;1627954524;-23.39;55222;7410
02/08/2021 22:35:54;1627954554;-23.36;55123;5346
02/08/2021 22:36:24;1627954584;-23.27;55235;8299
02/08/2021 22:36:54;1627954614;-23.39;55242;7377
02/08/2021 22:37:24;1627954644;-23.33;55222;7863
02/08/2021 22:37:54;1627954674;-23.45;55249;7534
02/08/2021 22:38:24;1627954704;-23.24;55186;5373
02/08/2021 22:38:54;1627954734;-23.45;55229;7330
02/08/2021 22:39:24;1627954764;-23.36;55229;7395
02/08/2021 22:39:54;1627954794;-23.27;55235;7375
02/08/2021 22:40:24;1627954824;-23.33;55186;7354
02/08/2021 22:40:54;1627954854;-23.36;55215;7341
02/08/2021 22:41:24;1627954884;-23.6;55229;8861
02/08/2021 22:41:54;1627954914;-23.39;55229;7412
02/08/2021 22:42:24;1627954944;-23.54;55235;10073
02/08/2021 22:42:54;1627954974;-23.48;55215;7377
02/08/2021 22:43:24;1627955004;-23.54;55207;7330
02/08/2021 22:43:54;1627955034;-23.39;55235;9903
02/08/2021 22:44:24;1627955064;-23.54;55207;8874
02/08/2021 22:44:54;1627955094;-23.45;55179;5989
02/08/2021 22:45:24;1627955124;-23.6;55235;7399
02/08/2021 22:45:54;1627955154;-23.48;55229;7392
02/08/2021 22:46:24;1627955184;-23.6;55186;7371
02/08/2021 22:46:54;1627955214;-23.54;55229;7349
02/08/2021 22:47:24;1627955244;-23.57;55215;7436
02/08/2021 22:47:54;1627955274;-23.48;55207;7420
02/08/2021 22:48:24;1627955304;-23.51;55235;8982
02/08/2021 22:48:54;1627955334;-23.6;55200;7391
02/08/2021 22:49:24;1627955364;-23.54;55222;5429
02/08/2021 22:49:54;1627955394;-23.66;55222;7360
02/08/2021 22:50:24;1627955424;-23.54;55179;7350
02/08/2021 22:50:54;1627955454;-23.48;55222;10917
02/08/2021 22:51:24;1627955484;-23.48;55215;7331
02/08/2021 22:51:55;1627955515;-23.54;55222;10975
02/08/2021 22:52:24;1627955544;-23.63;55193;7396
02/08/2021 22:52:54;1627955574;-23.48;55207;7797
02/08/2021 22:53:24;1627955604;-23.57;55207;7455
02/08/2021 22:53:54;1627955634;-23.39;55222;7439
02/08/2021 22:54:24;1627955664;-23.39;55200;7428
02/08/2021 22:54:55;1627955695;-23.39;55081;8851
02/08/2021 22:55:25;1627955725;-23.57;55207;7392
02/08/2021 22:55:55;1627955755;-23.63;55186;5432
02/08/2021 22:56:25;1627955785;-23.63;55215;8685
02/08/2021 22:56:55;1627955815;-23.51;55166;5400
02/08/2021 22:57:25;1627955845;-23.54;55144;5383
02/08/2021 22:57:55;1627955875;-23.45;55186;9242
02/08/2021 22:58:25;1627955905;-23.63;55207;7508
02/08/2021 22:58:55;1627955935;-23.39;55200;9435
02/08/2021 22:59:25;1627955965;-23.54;55207;10848
02/08/2021 22:59:55;1627955995;-23.51;55186;7355
02/08/2021 23:00:25;1627956025;-23.73;55179;7439
02/08/2021 23:00:55;1627956055;-23.54;55166;7934
02/08/2021 23:01:25;1627956085;-23.66;55186;7408
02/08/2021 23:01:55;1627956115;-23.63;55179;7393
02/08/2021 23:02:25;1627956145;-23.6;55193;7378
02/08/2021 23:02:55;1627956175;-23.63;55200;7376
02/08/2021 23:03:25;1627956205;-23.57;55207;7345
02/08/2021 23:03:55;1627956235;-23.76;55193;5384
02/08/2021 23:04:25;1627956265;-23.66;55179;10895
02/08/2021 23:04:55;1627956295;-23.85;55173;7909
02/08/2021 23:05:25;1627956325;-23.69;55179;7381
02/08/2021 23:05:55;1627956355;-23.66;55200;7365
02/08/2021 23:06:25;1627956385;-23.76;55137;7349
02/08/2021 23:06:55;1627956415;-23.82;55207;5388
02/08/2021 23:07:25;1627956445;-23.63;55166;7422
02/08/2021 23:07:55;1627956475;-23.76;55144;7407
02/08/2021 23:08:25;1627956505;-23.79;55151;7389
02/08/2021 23:08:55;1627956535;-23.6;55193;5426
02/08/2021 23:09:25;1627956565;-23.54;55193;7358
02/08/2021 23:09:55;1627956595;-23.91;55193;8883
02/08/2021 23:10:25;1627956625;-23.76;55193;7427
02/08/2021 23:10:55;1627956655;-23.69;55186;7413
02/08/2021 23:11:55;1627956715;-23.88;55200;7376
02/08/2021 23:12:25;1627956745;-23.85;55207;7361
02/08/2021 23:12:55;1627956775;-23.73;55173;7345
02/08/2021 23:13:25;1627956805;-23.85;55207;8045
02/08/2021 23:13:55;1627956835;-23.51;55186;7431
02/08/2021 23:14:25;1627956865;-23.63;55179;8016
02/08/2021 23:14:55;1627956895;-23.63;55207;5344
02/08/2021 23:15:25;1627956925;-23.57;55207;7372
02/08/2021 23:15:55;1627956955;-23.73;55144;5411
02/08/2021 23:16:25;1627956985;-23.79;55179;5394
02/08/2021 23:16:55;1627957015;-23.63;55200;7941
02/08/2021 23:17:25;1627957045;-23.82;55166;10170
02/08/2021 23:17:55;1627957075;-23.54;55186;7492
02/08/2021 23:18:25;1627957105;-23.6;55166;7384
02/08/2021 23:18:55;1627957135;-23.57;55222;7467
02/08/2021 23:19:26;1627957166;-23.73;55179;7450
02/08/2021 23:19:55;1627957195;-23.73;55123;7440
02/08/2021 23:20:26;1627957226;-23.57;55123;7417
02/08/2021 23:20:56;1627957256;-23.79;55193;7401
02/08/2021 23:21:26;1627957286;-23.48;55179;7388
02/08/2021 23:21:56;1627957316;-23.63;55151;5329
02/08/2021 23:22:26;1627957346;-23.73;55173;7357
02/08/2021 23:22:56;1627957376;-23.39;55130;5393
02/08/2021 23:23:26;1627957406;-23.73;55151;7428
02/08/2021 23:23:56;1627957436;-23.73;55200;5363
02/08/2021 23:24:26;1627957466;-23.66;55200;5347
02/08/2021 23:24:56;1627957496;-23.54;55173;7377
02/08/2021 23:25:26;1627957526;-23.63;55200;7363
02/08/2021 23:25:56;1627957556;-23.63;55193;5399
02/08/2021 23:26:26;1627957586;-23.69;55137;5392
02/08/2021 23:26:56;1627957616;-23.63;55137;7720
02/08/2021 23:27:26;1627957646;-23.66;55207;7404
02/08/2021 23:27:56;1627957676;-23.66;55166;5456
02/08/2021 23:28:26;1627957706;-23.6;55200;7378
02/08/2021 23:28:56;1627957736;-23.82;55179;5410
02/08/2021 23:29:26;1627957766;-23.63;55179;7440
02/08/2021 23:29:56;1627957796;-23.63;55193;5379
02/08/2021 23:30:26;1627957826;-23.54;55173;7408
02/08/2021 23:30:56;1627957856;-23.48;55207;7396
02/08/2021 23:31:26;1627957886;-23.63;55173;9427
02/08/2021 23:31:56;1627957916;-23.63;55173;7366
02/08/2021 23:32:26;1627957946;-23.54;55193;7381
02/08/2021 23:32:56;1627957976;-23.66;55166;7438
02/08/2021 23:33:26;1627958006;-23.51;55186;8341
02/08/2021 23:33:56;1627958036;-23.63;55144;5357
02/08/2021 23:34:26;1627958066;-23.51;55151;7336
02/08/2021 23:34:56;1627958096;-23.45;55193;7374
02/08/2021 23:35:26;1627958126;-23.66;55186;5410
02/08/2021 23:35:56;1627958156;-23.63;55137;7442
02/08/2021 23:36:26;1627958186;-23.63;55110;7426
02/08/2021 23:36:56;1627958216;-23.63;55186;7410
02/08/2021 23:37:26;1627958246;-23.48;55173;7395
02/08/2021 23:37:56;1627958276;-23.42;55173;5433
02/08/2021 23:38:26;1627958306;-23.69;55144;7364
02/08/2021 23:38:56;1627958336;-23.57;55166;7347
02/08/2021 23:39:26;1627958366;-23.51;55159;7530
02/08/2021 23:39:56;1627958396;-23.69;55137;10797
02/08/2021 23:40:26;1627958426;-23.51;55103;7417
02/08/2021 23:40:56;1627958456;-23.82;55130;7386
02/08/2021 23:41:26;1627958486;-23.54;55088;7372
02/08/2021 23:41:56;1627958516;-23.33;55159;5410
02/08/2021 23:42:26;1627958546;-23.48;55054;7341
02/08/2021 23:42:56;1627958576;-23.39;55060;5380
02/08/2021 23:43:26;1627958606;-23.6;55173;7412
02/08/2021 23:43:56;1627958636;-23.66;55159;7399
02/08/2021 23:44:26;1627958666;-23.6;55159;7386
02/08/2021 23:44:56;1627958696;-23.63;55173;7364
02/08/2021 23:45:26;1627958726;-23.3;55179;7447
02/08/2021 23:45:57;1627958757;-23.6;55173;7437
02/08/2021 23:46:27;1627958787;-23.36;55130;7421
02/08/2021 23:46:57;1627958817;-23.73;55137;5357
02/08/2021 23:47:27;1627958847;-23.69;55151;7389
02/08/2021 23:47:57;1627958877;-23.45;55018;7373
02/08/2021 23:48:27;1627958907;-23.24;55110;7361
02/08/2021 23:48:57;1627958937;-23.51;55067;7344
02/08/2021 23:49:27;1627958967;-23.33;55103;7433
02/08/2021 23:49:57;1627958997;-23.69;55110;7415
02/08/2021 23:50:27;1627959027;-23.69;55081;7399
02/08/2021 23:50:57;1627959057;-23.57;55137;7383
02/08/2021 23:51:27;1627959087;-23.51;55074;7367
02/08/2021 23:51:57;1627959117;-23.54;55137;5406
02/08/2021 23:52:27;1627959147;-23.39;55117;7437
02/08/2021 23:52:57;1627959177;-23.57;55173;7424
02/08/2021 23:53:27;1627959207;-23.45;55166;5358
02/08/2021 23:53:57;1627959237;-23.66;55130;7392
02/08/2021 23:54:27;1627959267;-23.54;55144;7372
02/08/2021 23:54:57;1627959297;-23.6;55151;7365
02/08/2021 23:55:27;1627959327;-23.45;55110;7346
02/08/2021 23:55:57;1627959357;-23.69;55159;10830
02/08/2021 23:56:27;1627959387;-23.63;55144;7413
02/08/2021 23:56:57;1627959417;-23.69;55151;5350
02/08/2021 23:57:27;1627959447;-23.42;55123;7403
02/08/2021 23:57:57;1627959477;-23.54;55110;7370
02/08/2021 23:58:27;1627959507;-23.73;55060;7350
02/08/2021 23:58:57;1627959537;-23.54;55144;5390
02/08/2021 23:59:27;1627959567;-23.69;55130;5375
02/08/2021 23:59:57;1627959597;-23.57;55117;8955
03/08/2021 00:00:27;1627959627;-23.36;55110;7391
03/08/2021 00:00:57;1627959657;-23.51;55151;5430
03/08/2021 00:01:27;1627959687;-23.42;55110;7334
03/08/2021 00:01:57;1627959717;-23.48;55081;7354
03/08/2021 00:02:27;1627959747;-23.6;55088;5382
03/08/2021 00:02:57;1627959777;-23.42;55123;5367
03/08/2021 00:03:27;1627959807;-23.39;55060;7395
03/08/2021 00:03:57;1627959837;-23.45;55074;10861
03/08/2021 00:04:27;1627959867;-23.33;55123;7365
03/08/2021 00:04:57;1627959897;-23.51;55123;5405
03/08/2021 00:05:27;1627959927;-23.54;55103;7444
03/08/2021 00:05:57;1627959957;-23.36;55144;5375
03/08/2021 00:06:27;1627959987;-23.48;55137;7405
03/08/2021 00:06:57;1627960017;-23.66;55110;5343
03/08/2021 00:07:27;1627960047;-23.57;55166;7888
03/08/2021 00:07:57;1627960077;-23.51;54998;7374
03/08/2021 00:08:27;1627960107;-23.66;55130;5396
03/08/2021 00:08:57;1627960137;-23.51;55088;7941
03/08/2021 00:09:27;1627960167;-23.54;55123;7410
03/08/2021 00:09:57;1627960197;-23.66;55088;7394
03/08/2021 00:10:27;1627960227;-23.45;55095;7477
03/08/2021 00:10:57;1627960257;-23.36;55123;5422
03/08/2021 00:11:27;1627960287;-23.57;55060;7346
03/08/2021 00:11:58;1627960318;-23.57;55054;5594
03/08/2021 00:12:28;1627960348;-23.48;55130;7418
03/08/2021 00:12:58;1627960378;-23.48;55067;7503
03/08/2021 00:13:28;1627960408;-23.33;55047;5440
03/08/2021 00:13:58;1627960438;-23.48;55047;7371
03/08/2021 00:14:28;1627960468;-23.39;55117;7366
03/08/2021 00:14:58;1627960498;-23.42;55103;7443
03/08/2021 00:15:28;1627960528;-23.54;55081;5344
03/08/2021 00:15:58;1627960558;-23.36;54991;7410
03/08/2021 00:16:28;1627960588;-23.48;55117;5345
03/08/2021 00:16:58;1627960618;-23.51;55081;7390
03/08/2021 00:17:28;1627960648;-23.66;55004;5619
03/08/2021 00:17:58;1627960678;-23.51;55103;7360
03/08/2021 00:18:28;1627960708;-23.73;55110;5385
03/08/2021 00:18:58;1627960738;-23.69;55117;7424
03/08/2021 00:19:28;1627960768;-23.42;55088;5353
03/08/2021 00:19:58;1627960798;-23.6;55032;5458
03/08/2021 00:20:28;1627960828;-23.54;55110;7371
03/08/2021 00:20:58;1627960858;-23.63;55123;7354
03/08/2021 00:21:28;1627960888;-23.63;55088;7337
03/08/2021 00:21:58;1627960918;-23.3;54991;7424
03/08/2021 00:22:28;1627960948;-23.48;55060;7414
03/08/2021 00:22:58;1627960978;-23.54;55110;7393
03/08/2021 00:23:28;1627961008;-23.51;55054;7362
03/08/2021 00:23:58;1627961038;-23.42;55103;7361
03/08/2021 00:24:28;1627961068;-23.39;55074;7346
03/08/2021 00:24:58;1627961098;-23.54;54969;7450
03/08/2021 00:25:28;1627961128;-23.54;55103;7415
03/08/2021 00:25:58;1627961158;-23.51;55088;7605
03/08/2021 00:26:28;1627961188;-23.6;55117;8306
03/08/2021 00:26:58;1627961218;-23.57;55074;7331
03/08/2021 00:27:28;1627961248;-23.54;55011;5406
03/08/2021 00:27:58;1627961278;-23.57;55110;7442
03/08/2021 00:28:28;1627961308;-23.36;55095;10290
03/08/2021 00:28:58;1627961338;-23.45;55088;5360
03/08/2021 00:29:28;1627961368;-23.39;55060;7394
03/08/2021 00:29:58;1627961398;-23.45;55095;7374
03/08/2021 00:30:28;1627961428;-23.48;55103;7372
03/08/2021 00:30:58;1627961458;-23.57;54998;7344
03/08/2021 00:31:28;1627961488;-23.54;55011;7432
03/08/2021 00:31:58;1627961518;-23.48;55004;7420
03/08/2021 00:32:28;1627961548;-23.42;54976;7401
03/08/2021 00:32:58;1627961578;-23.48;54935;7384
03/08/2021 00:33:28;1627961608;-23.39;55054;5428
03/08/2021 00:33:58;1627961638;-23.45;55095;7352
03/08/2021 00:34:28;1627961668;-23.66;54969;7439
03/08/2021 00:34:58;1627961698;-23.73;55088;7427
03/08/2021 00:35:28;1627961728;-23.51;55088;7405
03/08/2021 00:35:58;1627961758;-23.54;55004;7406
03/08/2021 00:36:28;1627961788;-23.66;55095;5439
03/08/2021 00:36:58;1627961818;-23.48;54983;7356
03/08/2021 00:37:28;1627961848;-23.6;55081;7441
03/08/2021 00:37:59;1627961879;-23.36;54927;7547
03/08/2021 00:38:29;1627961909;-23.6;55011;8233
03/08/2021 00:38:59;1627961939;-23.45;54955;8115
03/08/2021 00:39:29;1627961969;-23.54;54976;5438
03/08/2021 00:39:59;1627961999;-23.36;55047;5423
03/08/2021 00:40:29;1627962029;-23.6;55004;7352
03/08/2021 00:40:59;1627962059;-23.39;55011;7436
03/08/2021 00:41:29;1627962089;-23.6;54998;7447
03/08/2021 00:41:59;1627962119;-23.54;55060;7409
03/08/2021 00:42:29;1627962149;-23.33;55011;7617
03/08/2021 00:42:59;1627962179;-23.3;55047;7371
03/08/2021 00:43:29;1627962209;-23.3;54955;7353
03/08/2021 00:43:59;1627962239;-23.33;55095;7446
03/08/2021 00:44:29;1627962269;-23.39;55067;5378
03/08/2021 00:44:59;1627962299;-23.57;55095;5359
03/08/2021 00:45:29;1627962329;-23.51;55088;7393
03/08/2021 00:45:59;1627962359;-23.39;55011;7379
03/08/2021 00:46:29;1627962389;-23.51;54962;7369
03/08/2021 00:46:59;1627962419;-23.27;54920;7346
03/08/2021 00:47:29;1627962449;-23.42;55039;7436
03/08/2021 00:47:59;1627962479;-23.33;55011;7417
03/08/2021 00:48:29;1627962509;-23.54;55060;7402
03/08/2021 00:48:59;1627962539;-23.48;54983;5340
03/08/2021 00:49:29;1627962569;-23.39;54983;7371
03/08/2021 00:49:59;1627962599;-23.39;55011;5412
03/08/2021 00:50:29;1627962629;-23.27;54948;7440
03/08/2021 00:50:59;1627962659;-23.39;54998;7428
03/08/2021 00:51:29;1627962689;-23.33;54969;5365
03/08/2021 00:51:59;1627962719;-23.54;54998;7395
03/08/2021 00:52:29;1627962749;-23.45;55032;7330
03/08/2021 00:52:59;1627962779;-23.39;54955;5418
03/08/2021 00:53:29;1627962809;-23.39;55047;7348
03/08/2021 00:53:59;1627962839;-23.33;54942;7843
03/08/2021 00:54:29;1627962869;-23.36;54983;7418
03/08/2021 00:54:59;1627962899;-23.45;54983;7606
03/08/2021 00:55:29;1627962929;-23.3;54899;7388
03/08/2021 00:55:59;1627962959;-23.42;54935;7394
03/08/2021 00:56:29;1627962989;-23.42;54983;7355
03/08/2021 00:56:59;1627963019;-23.54;55018;5394
03/08/2021 00:57:29;1627963049;-23.48;55011;7425
03/08/2021 00:57:59;1627963079;-23.3;55081;5360
03/08/2021 00:58:29;1627963109;-23.45;55039;7332
03/08/2021 00:58:59;1627963139;-23.42;55067;5432
03/08/2021 00:59:29;1627963169;-23.57;55081;7362
03/08/2021 00:59:59;1627963199;-23.57;54991;7364
03/08/2021 01:00:29;1627963229;-23.42;54899;7433
03/08/2021 01:00:59;1627963259;-23.45;55074;7419
03/08/2021 01:01:29;1627963289;-23.57;55004;7403
03/08/2021 01:01:59;1627963319;-23.27;54983;7385
03/08/2021 01:02:29;1627963349;-23.51;54920;8393
03/08/2021 01:02:59;1627963379;-23.42;55039;5408
03/08/2021 01:03:29;1627963409;-23.54;54969;6322
03/08/2021 01:03:59;1627963439;-23.48;54942;7424
03/08/2021 01:04:30;1627963470;-23.42;55018;5464
03/08/2021 01:05:00;1627963500;-23.51;54913;7331
03/08/2021 01:05:30;1627963530;-23.33;54920;7480
03/08/2021 01:06:00;1627963560;-23.54;55018;5420
03/08/2021 01:06:30;1627963590;-23.39;55054;7353
03/08/2021 01:07:00;1627963620;-23.51;54998;7431
03/08/2021 01:07:30;1627963650;-23.3;55004;7418
03/08/2021 01:08:00;1627963680;-23.42;55032;7403
03/08/2021 01:08:30;1627963710;-23.51;54969;7388
03/08/2021 01:09:00;1627963740;-23.39;54991;7371
03/08/2021 01:09:30;1627963770;-23.48;54983;7354
03/08/2021 01:10:00;1627963800;-23.42;55047;5395
03/08/2021 01:10:30;1627963830;-23.51;54920;7429
03/08/2021 01:11:00;1627963860;-23.24;55039;7422
03/08/2021 01:11:30;1627963890;-23.45;54892;7397
03/08/2021 01:12:00;1627963920;-23.45;54948;5432
03/08/2021 01:12:30;1627963950;-23.51;54836;5417
03/08/2021 01:13:00;1627963980;-23.42;55011;5405
03/08/2021 01:13:30;1627964010;-23.27;54906;7433
03/08/2021 01:14:00;1627964040;-23.36;54892;5373
03/08/2021 01:14:30;1627964070;-23.6;54976;9868
03/08/2021 01:15:00;1627964100;-23.66;54998;5442
03/08/2021 01:15:30;1627964130;-23.42;55054;7989
03/08/2021 01:16:00;1627964160;-23.51;55011;5412
03/08/2021 01:16:30;1627964190;-23.57;54969;7443
03/08/2021 01:17:00;1627964220;-23.48;55047;7425
03/08/2021 01:17:30;1627964250;-23.39;54871;5370
03/08/2021 01:18:00;1627964280;-23.51;54998;7396
03/08/2021 01:18:30;1627964310;-23.6;55011;7379
03/08/2021 01:19:00;1627964340;-23.63;54962;10844
03/08/2021 01:19:30;1627964370;-23.66;55032;7343
03/08/2021 01:20:00;1627964400;-23.54;54920;7436
03/08/2021 01:20:30;1627964430;-23.73;54942;7415
03/08/2021 01:21:00;1627964460;-23.51;54927;7402
03/08/2021 01:21:30;1627964490;-23.48;54983;7388
03/08/2021 01:22:00;1627964520;-23.51;55011;7372
03/08/2021 01:23:00;1627964580;-23.39;54948;7440
03/08/2021 01:23:30;1627964610;-23.45;54857;7434
03/08/2021 01:24:00;1627964640;-23.54;54998;7410
03/08/2021 01:24:30;1627964670;-23.57;54969;7388
03/08/2021 01:25:00;1627964700;-23.6;54857;9423
03/08/2021 01:25:30;1627964730;-23.69;54955;7357
03/08/2021 01:26:00;1627964760;-23.6;54998;5403
03/08/2021 01:26:30;1627964790;-23.63;55011;7426
03/08/2021 01:27:00;1627964820;-23.69;54927;7411
03/08/2021 01:27:30;1627964850;-23.66;54962;7394
03/08/2021 01:28:00;1627964880;-23.54;54942;7889
03/08/2021 01:28:30;1627964910;-23.63;54850;7362
03/08/2021 01:29:00;1627964940;-23.39;54886;7346
03/08/2021 01:29:31;1627964971;-23.6;54942;5386
03/08/2021 01:30:01;1627965001;-23.6;54899;7420
03/08/2021 01:30:31;1627965031;-23.6;54935;7420
03/08/2021 01:31:01;1627965061;-23.66;55004;7388
03/08/2021 01:31:31;1627965091;-23.57;54976;5424
03/08/2021 01:32:01;1627965121;-23.76;54948;6429
03/08/2021 01:32:31;1627965151;-23.45;54969;5393
03/08/2021 01:33:01;1627965181;-23.63;54955;7950
03/08/2021 01:33:31;1627965211;-23.69;54935;8736
03/08/2021 01:34:01;1627965241;-23.69;54969;7393
03/08/2021 01:34:31;1627965271;-23.6;54864;7379
03/08/2021 01:35:01;1627965301;-23.42;54864;7361
03/08/2021 01:35:31;1627965331;-23.73;54801;7344
03/08/2021 01:36:01;1627965361;-23.76;54962;7434
03/08/2021 01:36:31;1627965391;-23.82;54955;7415
03/08/2021 01:37:01;1627965421;-23.57;54899;7400
03/08/2021 01:37:31;1627965451;-23.69;54955;7385
03/08/2021 01:38:01;1627965481;-23.66;54969;7369
03/08/2021 01:38:31;1627965511;-23.6;54983;7354
03/08/2021 01:39:01;1627965541;-23.63;54991;7341
03/08/2021 01:39:31;1627965571;-23.54;54955;5382
03/08/2021 01:40:01;1627965601;-23.82;54962;5361
03/08/2021 01:40:31;1627965631;-23.66;54998;10876
03/08/2021 01:41:01;1627965661;-23.57;54892;7378
03/08/2021 01:41:31;1627965691;-23.73;54991;7363
03/08/2021 01:42:01;1627965721;-23.6;54991;7347
03/08/2021 01:42:31;1627965751;-23.63;55018;7436
03/08/2021 01:43:01;1627965781;-23.63;54927;7417
03/08/2021 01:43:31;1627965811;-23.66;54886;7403
03/08/2021 01:44:01;1627965841;-23.82;54948;5339
03/08/2021 01:44:31;1627965871;-23.66;55004;5425
03/08/2021 01:45:01;1627965901;-23.57;54969;7363
03/08/2021 01:45:31;1627965931;-23.69;55032;7341
03/08/2021 01:46:01;1627965961;-23.69;55025;7429
03/08/2021 01:46:31;1627965991;-23.82;54899;7411
03/08/2021 01:47:01;1627966021;-23.73;55018;7396
03/08/2021 01:47:31;1627966051;-23.51;54899;7379
03/08/2021 01:48:01;1627966081;-23.76;55011;7363
03/08/2021 01:48:31;1627966111;-23.6;54998;7347
03/08/2021 01:49:01;1627966141;-23.63;54955;9924
03/08/2021 01:49:31;1627966171;-23.57;54948;8852
03/08/2021 01:50:01;1627966201;-23.51;54864;5355
03/08/2021 01:50:31;1627966231;-23.48;54871;8713
03/08/2021 01:51:01;1627966261;-23.69;54906;7372
03/08/2021 01:51:31;1627966291;-23.69;54991;7355
03/08/2021 01:52:01;1627966321;-23.85;54998;7338
03/08/2021 01:52:31;1627966351;-23.69;54991;7448
03/08/2021 01:53:01;1627966381;-23.6;54864;7409
03/08/2021 01:53:31;1627966411;-23.63;54991;7393
03/08/2021 01:54:01;1627966441;-23.79;54920;7377
03/08/2021 01:54:31;1627966471;-23.63;54955;7362
03/08/2021 01:55:01;1627966501;-23.63;54969;6936
03/08/2021 01:55:31;1627966531;-23.51;54942;7432
03/08/2021 01:56:01;1627966561;-23.69;54935;7416
03/08/2021 01:56:31;1627966591;-23.82;54886;7401
03/08/2021 01:57:02;1627966622;-23.63;54913;7329
03/08/2021 01:57:32;1627966652;-23.76;55011;7370
03/08/2021 01:58:02;1627966682;-23.85;54976;7356
03/08/2021 01:58:32;1627966712;-23.57;54976;7339
03/08/2021 01:59:02;1627966742;-23.76;54927;7433
03/08/2021 01:59:32;1627966772;-23.6;54935;5364
03/08/2021 02:00:02;1627966802;-23.79;54948;7396
03/08/2021 02:00:32;1627966832;-23.66;54879;7380
03/08/2021 02:01:02;1627966862;-23.63;54935;7365
03/08/2021 02:01:32;1627966892;-23.76;54892;7347
03/08/2021 02:02:02;1627966922;-23.76;54998;7434
03/08/2021 02:02:32;1627966952;-23.63;54871;7418
03/08/2021 02:03:02;1627966982;-23.63;54976;7403
03/08/2021 02:03:32;1627967012;-23.73;54955;7334
03/08/2021 02:04:02;1627967042;-23.54;54920;7370
03/08/2021 02:04:32;1627967072;-23.82;54983;7354
03/08/2021 02:05:02;1627967102;-23.66;55004;7340
03/08/2021 02:05:32;1627967132;-23.73;54983;7428
03/08/2021 02:06:02;1627967162;-23.63;54879;7409
03/08/2021 02:06:32;1627967192;-23.79;54976;7391
03/08/2021 02:07:02;1627967222;-23.73;54962;7377
03/08/2021 02:07:32;1627967252;-23.69;54920;5416
03/08/2021 02:08:02;1627967282;-23.63;54892;5403
03/08/2021 02:08:32;1627967312;-23.76;54920;7433
03/08/2021 02:09:02;1627967342;-23.79;54906;5369
03/08/2021 02:09:32;1627967372;-23.6;54962;7410
03/08/2021 02:10:02;1627967402;-23.57;54899;5350
03/08/2021 02:10:32;1627967432;-23.73;54955;8412
03/08/2021 02:11:02;1627967462;-23.6;54942;7457
03/08/2021 02:11:32;1627967492;-23.66;54857;7348
03/08/2021 02:12:02;1627967522;-23.6;54969;5591
03/08/2021 02:12:32;1627967552;-23.57;54879;7416
03/08/2021 02:13:02;1627967582;-23.54;54920;7391
03/08/2021 02:13:32;1627967612;-23.82;55011;10856
03/08/2021 02:14:02;1627967642;-23.79;54871;11872
03/08/2021 02:14:32;1627967672;-23.57;54948;7349
03/08/2021 02:15:02;1627967702;-23.66;55004;5383
03/08/2021 02:15:32;1627967732;-23.69;55011;7418
03/08/2021 02:16:02;1627967762;-23.51;54899;7398
03/08/2021 02:16:32;1627967792;-23.82;54899;7387
03/08/2021 02:17:02;1627967822;-23.79;54998;5421
03/08/2021 02:17:32;1627967852;-23.76;54871;7359
03/08/2021 02:18:32;1627967912;-23.85;54879;7432
03/08/2021 02:19:02;1627967942;-23.94;54962;7507
03/08/2021 02:19:33;1627967973;-23.91;54955;5368
03/08/2021 02:20:02;1627968002;-24;54892;7375
03/08/2021 02:20:32;1627968032;-23.73;54983;7768
03/08/2021 02:21:02;1627968062;-23.82;54920;7438
03/08/2021 02:21:33;1627968093;-23.76;54976;5472
03/08/2021 02:22:02;1627968122;-23.73;54962;7414
03/08/2021 02:22:33;1627968153;-23.85;54991;8427
03/08/2021 02:23:03;1627968183;-23.76;54871;7391
03/08/2021 02:23:33;1627968213;-23.73;54976;7395
03/08/2021 02:24:33;1627968273;-23.57;54913;9611
03/08/2021 02:25:03;1627968303;-23.57;54879;8632
03/08/2021 02:25:33;1627968333;-23.66;54886;7415
03/08/2021 02:26:03;1627968363;-23.69;54850;7596
03/08/2021 02:26:33;1627968393;-23.94;54969;8537
03/08/2021 02:27:03;1627968423;-23.73;54920;9410
03/08/2021 02:27:33;1627968453;-23.42;54843;7346
03/08/2021 02:28:33;1627968513;-24;54962;8551
03/08/2021 02:29:03;1627968543;-23.88;54955;7412
03/08/2021 02:29:33;1627968573;-23.76;54962;7383
03/08/2021 02:30:03;1627968603;-23.69;54906;7386
03/08/2021 02:30:33;1627968633;-23.88;54942;7444
03/08/2021 02:31:03;1627968663;-23.76;54879;5391
03/08/2021 02:31:33;1627968693;-23.85;54948;7425
03/08/2021 02:32:03;1627968723;-23.88;54955;5360
03/08/2021 02:32:33;1627968753;-23.82;54948;7395
03/08/2021 02:33:03;1627968783;-24.06;54969;7375
03/08/2021 02:33:33;1627968813;-23.82;54899;7359
03/08/2021 02:34:03;1627968843;-23.88;54879;7342
03/08/2021 02:34:33;1627968873;-23.94;54927;7439
03/08/2021 02:35:03;1627968903;-23.66;54836;9259
03/08/2021 02:35:33;1627968933;-23.88;54962;7397
03/08/2021 02:36:03;1627968963;-23.69;54899;7382
03/08/2021 02:36:33;1627968993;-24;54879;7367
03/08/2021 02:37:03;1627969023;-23.82;54969;7352
03/08/2021 02:37:33;1627969053;-23.82;54892;7437
03/08/2021 02:38:03;1627969083;-23.85;54948;7424
03/08/2021 02:38:33;1627969113;-23.85;54991;5360
03/08/2021 02:39:03;1627969143;-23.6;54886;5345
03/08/2021 02:39:33;1627969173;-23.76;54823;5434
03/08/2021 02:40:03;1627969203;-23.91;54927;7364
03/08/2021 02:40:33;1627969233;-23.85;54948;7345
03/08/2021 02:41:03;1627969263;-23.88;54962;7530
03/08/2021 02:41:33;1627969293;-23.66;54927;7415
03/08/2021 02:42:03;1627969323;-23.76;54927;7402
03/08/2021 02:42:33;1627969353;-24.15;54857;7386
03/08/2021 02:43:03;1627969383;-23.97;54906;5429
03/08/2021 02:43:33;1627969413;-24;54920;7353
03/08/2021 02:44:03;1627969443;-23.85;54948;5392
03/08/2021 02:44:33;1627969473;-23.88;54955;7431
03/08/2021 02:45:03;1627969503;-23.82;54927;7407
03/08/2021 02:45:33;1627969533;-23.76;54829;8415
03/08/2021 02:46:03;1627969563;-23.73;54836;7388
03/08/2021 02:46:33;1627969593;-23.57;54942;7359
03/08/2021 02:47:03;1627969623;-24.12;54906;7345
03/08/2021 02:47:33;1627969653;-23.97;54871;7432
03/08/2021 02:48:03;1627969683;-23.88;54962;5368
03/08/2021 02:48:33;1627969713;-23.91;54962;7400
03/08/2021 02:49:04;1627969744;-23.88;54857;7384
03/08/2021 02:49:34;1627969774;-24;54913;7370
03/08/2021 02:50:04;1627969804;-24.03;54948;7364
03/08/2021 02:50:34;1627969834;-24;54955;7443
03/08/2021 02:51:04;1627969864;-24;54976;7522
03/08/2021 02:51:34;1627969894;-24.12;54871;7508
03/08/2021 02:52:04;1627969924;-23.97;54955;7391
03/08/2021 02:52:34;1627969954;-24;54969;7376
03/08/2021 02:53:04;1627969984;-23.94;54942;7668
03/08/2021 02:53:34;1627970014;-24.09;54927;5399
03/08/2021 02:54:04;1627970044;-24.03;54969;7430
03/08/2021 02:54:34;1627970074;-24;54955;7413
03/08/2021 02:55:04;1627970104;-23.91;54927;7603
03/08/2021 02:55:34;1627970134;-24;54962;7382
03/08/2021 02:56:04;1627970164;-23.91;54899;7380
03/08/2021 02:56:34;1627970194;-24;54927;7353
03/08/2021 02:57:04;1627970224;-23.88;54920;7437
03/08/2021 02:57:34;1627970254;-24.03;54767;7422
03/08/2021 02:58:04;1627970284;-24.09;54913;7331
03/08/2021 02:58:34;1627970314;-23.88;54935;7390
03/08/2021 02:59:04;1627970344;-23.97;54899;7374
03/08/2021 02:59:34;1627970374;-23.88;54857;5415
03/08/2021 03:00:04;1627970404;-24;54879;7343
03/08/2021 03:00:34;1627970434;-24.12;54935;7430
03/08/2021 03:01:04;1627970464;-24.09;54955;7413
03/08/2021 03:01:34;1627970494;-24.06;54850;7398
03/08/2021 03:02:04;1627970524;-23.85;54823;7382
03/08/2021 03:02:34;1627970554;-24;54899;5422
03/08/2021 03:03:04;1627970584;-23.97;54942;7329
03/08/2021 03:03:34;1627970614;-23.88;54892;7340
03/08/2021 03:04:04;1627970644;-24;54913;7423
03/08/2021 03:04:34;1627970674;-23.79;54843;7408
03/08/2021 03:05:04;1627970704;-24.15;54942;7390
03/08/2021 03:05:34;1627970734;-23.97;54892;7380
03/08/2021 03:06:04;1627970764;-23.91;54871;7358
03/08/2021 03:06:34;1627970794;-24.09;54745;7343
03/08/2021 03:07:04;1627970824;-23.88;54879;7429
03/08/2021 03:07:34;1627970854;-23.82;54879;7412
03/08/2021 03:08:04;1627970884;-23.91;54942;7398
03/08/2021 03:08:34;1627970914;-23.91;54942;7332
03/08/2021 03:09:04;1627970944;-23.91;54829;5425
03/08/2021 03:09:34;1627970974;-23.97;54913;7351
03/08/2021 03:10:04;1627971004;-24.15;54935;7438
03/08/2021 03:10:34;1627971034;-24;54955;5374
03/08/2021 03:11:04;1627971064;-23.91;54935;7407
03/08/2021 03:11:34;1627971094;-23.88;54829;5345
03/08/2021 03:12:04;1627971124;-23.88;54927;7375
03/08/2021 03:12:34;1627971154;-23.88;54920;7358
03/08/2021 03:13:05;1627971185;-23.76;54843;5398
03/08/2021 03:13:34;1627971214;-23.88;54935;7429
03/08/2021 03:14:04;1627971244;-23.88;54836;7925
03/08/2021 03:14:34;1627971274;-24.03;54836;7398
03/08/2021 03:15:05;1627971305;-24.03;54906;7383
03/08/2021 03:15:35;1627971335;-23.76;54942;7473
03/08/2021 03:16:05;1627971365;-23.82;54857;7353
03/08/2021 03:16:35;1627971395;-24.34;54955;5396
03/08/2021 03:17:05;1627971425;-23.91;54948;5374
03/08/2021 03:17:35;1627971455;-23.88;54899;7410
03/08/2021 03:18:05;1627971485;-23.85;54836;5342
03/08/2021 03:18:35;1627971515;-23.88;54864;7372
03/08/2021 03:19:05;1627971545;-23.91;54815;7359
03/08/2021 03:19:35;1627971575;-23.97;54843;7342
03/08/2021 03:20:05;1627971605;-24.06;54892;7430
03/08/2021 03:20:35;1627971635;-24.09;54920;7511
03/08/2021 03:21:05;1627971665;-24;54871;7397
03/08/2021 03:21:35;1627971695;-24.09;54948;7381
03/08/2021 03:22:05;1627971725;-24;54927;7365
03/08/2021 03:22:35;1627971755;-23.88;54886;7352
03/08/2021 03:23:05;1627971785;-23.91;54879;7435
03/08/2021 03:23:35;1627971815;-24.24;54759;7423
03/08/2021 03:24:05;1627971845;-24.06;54920;7404
03/08/2021 03:24:35;1627971875;-23.94;54794;7389
03/08/2021 03:25:05;1627971905;-24.06;54899;7373
03/08/2021 03:25:35;1627971935;-24.09;54871;7357
03/08/2021 03:26:05;1627971965;-24;54879;7343
03/08/2021 03:26:35;1627971995;-24.06;54857;7426
03/08/2021 03:27:05;1627972025;-24.09;54850;7413
03/08/2021 03:27:35;1627972055;-24;54850;7395
03/08/2021 03:28:05;1627972085;-24.03;54808;7378
03/08/2021 03:28:35;1627972115;-24.18;54879;7341
03/08/2021 03:29:05;1627972145;-24.12;54920;7351
03/08/2021 03:29:35;1627972175;-24.09;54886;7450
03/08/2021 03:30:05;1627972205;-24.03;54823;7422
03/08/2021 03:30:35;1627972235;-24.21;54899;7415
03/08/2021 03:31:05;1627972265;-23.94;54864;7391
03/08/2021 03:31:35;1627972295;-24.15;54780;7379
03/08/2021 03:32:05;1627972325;-23.94;54850;7358
03/08/2021 03:32:35;1627972355;-24.12;54886;5397
03/08/2021 03:33:05;1627972385;-24.06;54906;7344
03/08/2021 03:33:35;1627972415;-24.12;54780;5335
03/08/2021 03:34:05;1627972445;-23.91;54920;7400
03/08/2021 03:34:35;1627972475;-23.94;54871;7384
03/08/2021 03:35:05;1627972505;-24.12;54823;5427
03/08/2021 03:35:35;1627972535;-24.15;54906;8172
03/08/2021 03:36:05;1627972565;-24.09;54794;7440
03/08/2021 03:36:35;1627972595;-24.15;54836;7426
03/08/2021 03:37:05;1627972625;-24.03;54815;7408
03/08/2021 03:37:35;1627972655;-24.21;54808;7390
03/08/2021 03:38:05;1627972685;-24.21;54823;7381
03/08/2021 03:38:35;1627972715;-24.09;54864;7362
03/08/2021 03:39:06;1627972746;-24.09;54857;5405
03/08/2021 03:39:36;1627972776;-24.15;54913;7433
03/08/2021 03:40:06;1627972806;-24.27;54879;8043
03/08/2021 03:40:36;1627972836;-24.06;54759;7403
03/08/2021 03:41:06;1627972866;-24.21;54906;5442
03/08/2021 03:41:36;1627972896;-24.03;54857;5331
03/08/2021 03:42:06;1627972926;-24.15;54752;7353
03/08/2021 03:42:36;1627972956;-24.21;54857;7954
03/08/2021 03:43:06;1627972986;-24.12;54906;8977
03/08/2021 03:43:36;1627973016;-24.12;54871;6898
03/08/2021 03:44:06;1627973046;-23.97;54879;9951
03/08/2021 03:44:36;1627973076;-24.12;54801;7376
03/08/2021 03:45:06;1627973106;-24.12;54829;8894
03/08/2021 03:45:36;1627973136;-24.15;54879;7343
03/08/2021 03:46:06;1627973166;-24.15;54871;8802
03/08/2021 03:46:36;1627973196;-24.18;54879;7513
03/08/2021 03:47:06;1627973226;-24.21;54892;7398
03/08/2021 03:47:36;1627973256;-24.03;54899;5439
03/08/2021 03:48:06;1627973286;-24.21;54886;7364
03/08/2021 03:48:36;1627973316;-24.24;54864;7350
03/08/2021 03:49:06;1627973346;-24.15;54836;7435
03/08/2021 03:49:36;1627973376;-24;54696;7420
03/08/2021 03:50:06;1627973406;-24.03;54857;7406
03/08/2021 03:50:36;1627973436;-24.18;54879;7406
03/08/2021 03:51:06;1627973466;-24;54899;7372
03/08/2021 03:51:36;1627973496;-24.12;54759;7385
03/08/2021 03:52:06;1627973526;-24.09;54864;7341
03/08/2021 03:52:36;1627973556;-24.24;54843;7427
03/08/2021 03:53:06;1627973586;-24.18;54745;7412
03/08/2021 03:53:36;1627973616;-24.27;54857;7333
03/08/2021 03:54:06;1627973646;-24.15;54864;5437
03/08/2021 03:54:36;1627973676;-24.06;54745;7364
03/08/2021 03:55:06;1627973706;-24.12;54843;7553
03/08/2021 03:55:36;1627973736;-24.06;54836;8564
03/08/2021 03:56:06;1627973766;-23.97;54886;7428
03/08/2021 03:56:36;1627973796;-24.09;54886;7402
03/08/2021 03:57:06;1627973826;-24.06;54801;7386
03/08/2021 03:57:36;1627973856;-24.12;54843;7371
03/08/2021 03:58:06;1627973886;-23.94;54857;7355
03/08/2021 03:58:36;1627973916;-24.06;54864;7442
03/08/2021 03:59:06;1627973946;-23.88;54892;7427
03/08/2021 03:59:36;1627973976;-23.94;54815;5371
03/08/2021 04:00:06;1627974006;-23.97;54857;7400
03/08/2021 04:00:36;1627974036;-24.09;54829;5431
03/08/2021 04:01:06;1627974066;-24.12;54864;8389
03/08/2021 04:01:36;1627974096;-23.91;54886;9392
03/08/2021 04:02:07;1627974127;-23.94;54864;12985
03/08/2021 04:02:36;1627974156;-24;54871;7329
03/08/2021 04:03:06;1627974186;-24.06;54906;5352
03/08/2021 04:03:36;1627974216;-24;54899;7384
03/08/2021 04:04:06;1627974246;-24.18;54689;7369
03/08/2021 04:04:36;1627974276;-24.15;54871;8275
03/08/2021 04:05:07;1627974307;-24.12;54823;7440
03/08/2021 04:05:37;1627974337;-24.12;54850;8243
03/08/2021 04:06:07;1627974367;-23.91;54857;7407
03/08/2021 04:06:37;1627974397;-24.03;54823;7391
03/08/2021 04:07:07;1627974427;-24.12;54871;7382
03/08/2021 04:07:37;1627974457;-24.06;54801;8190
03/08/2021 04:08:07;1627974487;-24.03;54823;8063
03/08/2021 04:08:37;1627974517;-24.15;54850;8152
03/08/2021 04:09:07;1627974547;-24.03;54879;6086
03/08/2021 04:09:37;1627974577;-24.24;54808;8015
03/08/2021 04:10:07;1627974607;-24.03;54773;7385
03/08/2021 04:10:37;1627974637;-23.94;54794;7371
03/08/2021 04:11:07;1627974667;-23.97;54857;7976
03/08/2021 04:11:37;1627974697;-24.09;54780;7338
03/08/2021 04:12:07;1627974727;-24.09;54801;7427
03/08/2021 04:12:37;1627974757;-24.09;54864;5979
03/08/2021 04:13:07;1627974787;-24.24;54724;5348
03/08/2021 04:13:37;1627974817;-24.18;54850;8920
03/08/2021 04:14:07;1627974847;-24.15;54836;7365
03/08/2021 04:14:37;1627974877;-24.12;54773;9834
03/08/2021 04:15:07;1627974907;-24.15;54780;7434
03/08/2021 04:15:37;1627974937;-24.21;54717;7418
03/08/2021 04:16:07;1627974967;-23.97;54850;10880
03/08/2021 04:16:37;1627974997;-24.06;54815;7384
03/08/2021 04:17:07;1627975027;-24.03;54808;8801
03/08/2021 04:17:37;1627975057;-23.94;54731;7354
03/08/2021 04:18:07;1627975087;-24.03;54717;7440
03/08/2021 04:18:37;1627975117;-24.12;54745;7425
03/08/2021 04:19:07;1627975147;-24.24;54829;7411
03/08/2021 04:19:37;1627975177;-24.09;54857;7330
03/08/2021 04:20:07;1627975207;-24.09;54836;7378
03/08/2021 04:20:37;1627975237;-24.06;54731;5416
03/08/2021 04:21:07;1627975267;-24.15;54780;5401
03/08/2021 04:21:37;1627975297;-24.15;54823;7436
03/08/2021 04:22:07;1627975327;-24.15;54836;7418
03/08/2021 04:22:37;1627975357;-24.06;54864;7411
03/08/2021 04:23:07;1627975387;-24.15;54836;7386
03/08/2021 04:23:37;1627975417;-24.09;54871;5424
03/08/2021 04:24:07;1627975447;-24.09;54801;5410
03/08/2021 04:24:37;1627975477;-24.18;54829;7335
03/08/2021 04:25:07;1627975507;-24.03;54794;7327
03/08/2021 04:25:37;1627975537;-23.94;54626;7328
03/08/2021 04:26:07;1627975567;-24.06;54808;7333
03/08/2021 04:26:37;1627975597;-24.06;54850;7330
03/08/2021 04:27:07;1627975627;-23.91;54780;7339
03/08/2021 04:27:37;1627975657;-24.21;54843;7332
03/08/2021 04:28:07;1627975687;-24.06;54773;7432
03/08/2021 04:28:37;1627975717;-24.18;54794;7381
03/08/2021 04:29:07;1627975747;-24.03;54850;6352
03/08/2021 04:29:37;1627975777;-24.09;54711;8329
03/08/2021 04:30:08;1627975808;-24.06;54780;7369
03/08/2021 04:30:38;1627975838;-24.15;54752;7354
03/08/2021 04:31:08;1627975868;-24.24;54836;7440
03/08/2021 04:31:38;1627975898;-24.09;54843;7426
03/08/2021 04:32:08;1627975928;-24.09;54801;7411
03/08/2021 04:32:38;1627975958;-24.24;54738;5348
03/08/2021 04:33:08;1627975988;-24.15;54767;7333
03/08/2021 04:33:38;1627976018;-24;54857;7334
03/08/2021 04:34:08;1627976048;-23.94;54808;7350
03/08/2021 04:34:38;1627976078;-23.94;54843;5389
03/08/2021 04:35:08;1627976108;-24.09;54745;8158
03/08/2021 04:35:38;1627976138;-24.24;54767;7328
03/08/2021 04:36:08;1627976168;-24.06;54717;7389
03/08/2021 04:36:38;1627976198;-23.97;54703;7371
03/08/2021 04:37:08;1627976228;-24;54801;7355
03/08/2021 04:37:38;1627976258;-24.18;54836;7339
03/08/2021 04:38:08;1627976288;-24.15;54738;7530
03/08/2021 04:38:38;1627976318;-23.97;54850;7410
03/08/2021 04:39:08;1627976348;-24.09;54675;7502
03/08/2021 04:39:38;1627976378;-24.12;54724;7382
03/08/2021 04:40:08;1627976408;-24.03;54808;7364
03/08/2021 04:40:38;1627976438;-24.18;54668;7349
03/08/2021 04:41:08;1627976468;-24.27;54752;7436
03/08/2021 04:41:38;1627976498;-24.06;54780;7420
03/08/2021 04:42:08;1627976528;-24;54745;7404
03/08/2021 04:42:38;1627976558;-24.27;54711;7390
03/08/2021 04:43:08;1627976588;-24.15;54780;7374
03/08/2021 04:43:38;1627976618;-24.09;54752;7471
03/08/2021 04:44:08;1627976648;-24.06;54801;5504
03/08/2021 04:44:38;1627976678;-24.15;54711;7841
03/08/2021 04:45:08;1627976708;-24.12;54794;7415
03/08/2021 04:45:38;1627976738;-23.91;54836;7398
03/08/2021 04:46:08;1627976768;-23.82;54815;7383
03/08/2021 04:46:38;1627976798;-24.03;54836;10442
03/08/2021 04:47:08;1627976828;-24;54711;7352
03/08/2021 04:47:38;1627976858;-23.88;54731;7438
03/08/2021 04:48:08;1627976888;-23.85;54717;7423
03/08/2021 04:48:38;1627976918;-24.09;54823;7818
03/08/2021 04:49:08;1627976948;-24.21;54773;7394
03/08/2021 04:49:38;1627976978;-24;54801;7374
03/08/2021 04:50:08;1627977008;-24.09;54773;7357
03/08/2021 04:50:38;1627977038;-24.15;54717;6213
03/08/2021 04:51:08;1627977068;-24.18;54773;7430
03/08/2021 04:51:38;1627977098;-23.97;54759;7413
03/08/2021 04:52:08;1627977128;-24.09;54724;7405
03/08/2021 04:52:38;1627977158;-24.09;54815;7383
03/08/2021 04:53:38;1627977218;-24.18;54745;9399
03/08/2021 04:54:08;1627977248;-24;54829;7440
03/08/2021 04:54:38;1627977278;-24.06;54626;7422
03/08/2021 04:55:08;1627977308;-24;54780;7407
03/08/2021 04:55:38;1627977338;-24.12;54794;5343
03/08/2021 04:56:08;1627977368;-24.27;54780;7378
03/08/2021 04:56:39;1627977399;-23.94;54767;7363
03/08/2021 04:57:09;1627977429;-24.12;54767;7344
03/08/2021 04:57:39;1627977459;-24.15;54843;7447
03/08/2021 04:58:09;1627977489;-24.21;54767;7416
03/08/2021 04:58:39;1627977519;-24.09;54745;7398
03/08/2021 04:59:09;1627977549;-24.18;54801;7385
03/08/2021 04:59:39;1627977579;-24.21;54717;5421
03/08/2021 05:00:09;1627977609;-24.09;54780;7350
03/08/2021 05:00:39;1627977639;-24.03;54745;7440
03/08/2021 05:01:09;1627977669;-24.15;54780;7420
03/08/2021 05:01:39;1627977699;-24.21;54689;7405
03/08/2021 05:02:09;1627977729;-24;54745;7388
03/08/2021 05:02:39;1627977759;-24;54626;7384
03/08/2021 05:03:09;1627977789;-24.12;54640;5414
03/08/2021 05:03:39;1627977819;-24.12;54738;7341
03/08/2021 05:04:09;1627977849;-24.31;54773;7426
03/08/2021 05:04:39;1627977879;-24.12;54767;7412
03/08/2021 05:05:09;1627977909;-24.18;54801;5350
03/08/2021 05:05:39;1627977939;-24;54801;8199
03/08/2021 05:06:09;1627977969;-24.09;54724;7365
03/08/2021 05:06:39;1627977999;-24.12;54787;8167
03/08/2021 05:07:09;1627978029;-24.15;54780;7434
03/08/2021 05:07:39;1627978059;-24.27;54724;5371
03/08/2021 05:08:09;1627978089;-24.18;54767;7404
03/08/2021 05:08:39;1627978119;-24.37;54801;5339
03/08/2021 05:09:09;1627978149;-24.09;54731;8176
03/08/2021 05:09:39;1627978179;-24.27;54815;7356
03/08/2021 05:10:09;1627978209;-24.31;54717;5396
03/08/2021 05:10:39;1627978239;-24.21;54780;5379
03/08/2021 05:11:09;1627978269;-24.34;54640;7412
03/08/2021 05:11:39;1627978299;-24.12;54787;7396
03/08/2021 05:12:09;1627978329;-24.21;54745;7380
03/08/2021 05:12:39;1627978359;-24.21;54703;7364
03/08/2021 05:13:09;1627978389;-24.31;54815;7347
03/08/2021 05:13:39;1627978419;-24.15;54724;7435
03/08/2021 05:14:09;1627978449;-24.12;54724;10288
03/08/2021 05:14:39;1627978479;-24.09;54780;5355
03/08/2021 05:15:09;1627978509;-24.27;54668;7391
03/08/2021 05:15:39;1627978539;-24.21;54773;8069
03/08/2021 05:16:09;1627978569;-24.09;54759;7355
03/08/2021 05:16:39;1627978599;-24.15;54752;7340
03/08/2021 05:17:09;1627978629;-24.18;54682;7425
03/08/2021 05:17:39;1627978659;-24.18;54801;7409
03/08/2021 05:18:09;1627978689;-24.24;54815;5351
03/08/2021 05:18:39;1627978719;-23.91;54801;5434
03/08/2021 05:19:09;1627978749;-23.94;54668;7362
03/08/2021 05:19:39;1627978779;-24.06;54731;7348
03/08/2021 05:20:09;1627978809;-24.18;54794;7433
03/08/2021 05:20:39;1627978839;-24.09;54794;7416
03/08/2021 05:21:09;1627978869;-24.03;54773;5352
03/08/2021 05:21:40;1627978900;-24.06;54808;7401
03/08/2021 05:22:09;1627978929;-24;54655;7369
03/08/2021 05:22:39;1627978959;-24.12;54780;7353
03/08/2021 05:23:09;1627978989;-24.06;54696;7439
03/08/2021 05:23:40;1627979020;-24.03;54675;7425
03/08/2021 05:24:10;1627979050;-24.12;54801;7407
03/08/2021 05:24:40;1627979080;-24.06;54773;7394
03/08/2021 05:25:10;1627979110;-24.12;54752;5432
03/08/2021 05:25:40;1627979140;-24.09;54703;7364
03/08/2021 05:26:10;1627979170;-24.06;54724;5399
03/08/2021 05:26:40;1627979200;-24.12;54655;7431
03/08/2021 05:27:10;1627979230;-24.09;54780;7419
03/08/2021 05:27:40;1627979260;-23.97;54682;7402
03/08/2021 05:28:10;1627979290;-24.12;54780;7385
03/08/2021 05:29:10;1627979350;-24.09;54787;7352
03/08/2021 05:29:40;1627979380;-24.15;54731;7439
03/08/2021 05:30:10;1627979410;-24.09;54808;5376
03/08/2021 05:30:40;1627979440;-24.12;54605;5360
03/08/2021 05:31:10;1627979470;-24.03;54598;7391
03/08/2021 05:31:40;1627979500;-24;54633;7375
03/08/2021 05:32:10;1627979530;-24;54675;7361
03/08/2021 05:32:40;1627979560;-24;54759;6219
03/08/2021 05:33:10;1627979590;-24.15;54703;7431
03/08/2021 05:33:40;1627979620;-23.88;54689;7456
03/08/2021 05:34:10;1627979650;-24.06;54598;7398
03/08/2021 05:34:40;1627979680;-23.94;54668;7384
03/08/2021 05:35:10;1627979710;-24.12;54703;7367
03/08/2021 05:35:40;1627979740;-24.15;54731;11140
03/08/2021 05:36:10;1627979770;-24.09;54794;7440
03/08/2021 05:36:40;1627979800;-24.09;54711;11133
03/08/2021 05:37:10;1627979830;-24.06;54731;5358
03/08/2021 05:37:40;1627979860;-24.06;54711;7488
03/08/2021 05:38:10;1627979890;-23.97;54682;5428
03/08/2021 05:38:40;1627979920;-23.97;54689;5411
03/08/2021 05:39:10;1627979950;-24.09;54738;9390
03/08/2021 05:39:40;1627979980;-24.06;54682;5381
03/08/2021 05:40:10;1627980010;-23.94;54794;7415
03/08/2021 05:40:40;1627980040;-24.06;54689;5349
