07/08/2021 09:00:48,1628337648,-41.82,55558,152
07/08/2021 09:01:18,1628337678,-41.76,55536,7002
07/08/2021 09:01:49,1628337709,-41.36,55453,94
07/08/2021 09:02:19,1628337739,-42.01,55691,140
07/08/2021 09:02:48,1628337768,-41.73,55599,132
07/08/2021 09:03:19,1628337799,-41.97,55648,134
07/08/2021 09:03:48,1628337828,-41.91,55655,134
07/08/2021 09:04:19,1628337859,-41.88,55641,352
07/08/2021 09:04:48,1628337888,-41.97,55635,136
07/08/2021 09:05:18,1628337918,-42.1,55663,138
07/08/2021 09:05:49,1628337949,-42.04,55684,551
07/08/2021 09:06:19,1628337979,-42.01,55655,654
07/08/2021 09:06:48,1628338008,-41.97,55691,2808
07/08/2021 09:07:18,1628338038,-42.04,55691,142
07/08/2021 09:07:48,1628338068,-41.97,55691,82
07/08/2021 09:08:18,1628338098,-42.07,55670,81
07/08/2021 09:08:48,1628338128,-41.97,55663,386
07/08/2021 09:09:18,1628338158,-41.79,55585,153
07/08/2021 09:09:49,1628338189,-42.01,55684,81
07/08/2021 09:10:19,1628338219,-41.97,55670,152
07/08/2021 09:10:48,1628338248,-41.94,55628,128
07/08/2021 09:11:18,1628338278,-41.76,55614,78
07/08/2021 09:11:48,1628338308,-41.97,55691,152
07/08/2021 09:12:19,1628338339,-42.07,55614,91
07/08/2021 09:12:49,1628338369,-41.94,55670,151
07/08/2021 09:13:18,1628338398,-41.73,55572,76
07/08/2021 09:13:49,1628338429,-42.07,55670,84
07/08/2021 09:14:18,1628338458,-42.01,55635,402
07/08/2021 09:14:48,1628338488,-42.04,55648,155
07/08/2021 09:15:18,1628338518,-42.07,55663,161
07/08/2021 09:15:48,1628338548,-41.94,55648,158
07/08/2021 09:16:18,1628338578,-42.04,55655,159
07/08/2021 09:16:48,1628338608,-41.94,55663,163
07/08/2021 09:17:18,1628338638,-42.01,55663,169
07/08/2021 09:17:48,1628338668,-42.04,55677,160
07/08/2021 09:18:18,1628338698,-41.88,55677,161
07/08/2021 09:18:48,1628338728,-41.91,55691,171
07/08/2021 09:19:18,1628338758,-42.01,55663,164
07/08/2021 09:19:48,1628338788,-41.7,55558,177
07/08/2021 09:20:19,1628338819,-41.76,55599,170
07/08/2021 09:20:49,1628338849,-42.01,55726,163
07/08/2021 09:21:19,1628338879,-42.01,55663,171
07/08/2021 09:21:48,1628338908,-41.97,55691,165
07/08/2021 09:22:18,1628338938,-42.13,55704,167
07/08/2021 09:22:49,1628338969,-42.04,55641,168
07/08/2021 09:23:18,1628338998,-41.97,55628,5395
07/08/2021 09:23:49,1628339029,-42.04,55670,206
07/08/2021 09:24:18,1628339058,-41.79,55691,76
07/08/2021 09:24:49,1628339089,-42.04,55691,1297
07/08/2021 09:25:18,1628339118,-41.94,55704,208
07/08/2021 09:25:49,1628339149,-41.91,55648,484
07/08/2021 09:26:19,1628339179,-41.79,55655,272
07/08/2021 09:26:48,1628339208,-41.88,55648,171
07/08/2021 09:27:18,1628339238,-41.94,55711,172
07/08/2021 09:27:49,1628339269,-41.82,55677,285
07/08/2021 09:28:19,1628339299,-42.04,55677,275
07/08/2021 09:28:49,1628339329,-41.97,55677,288
07/08/2021 09:29:19,1628339359,-41.94,55670,485
07/08/2021 09:29:48,1628339388,-41.82,55697,281
07/08/2021 09:30:19,1628339419,-41.85,55677,82
07/08/2021 09:30:49,1628339449,-41.79,55684,83
07/08/2021 09:31:18,1628339478,-41.91,55691,186
07/08/2021 09:31:49,1628339509,-41.82,55663,86
07/08/2021 09:32:19,1628339539,-41.79,55655,80
07/08/2021 09:32:48,1628339568,-41.91,55691,188
07/08/2021 09:33:18,1628339598,-41.94,55684,177
07/08/2021 09:33:48,1628339628,-41.7,55684,177
07/08/2021 09:34:19,1628339659,-41.82,55711,176
07/08/2021 09:34:49,1628339689,-41.91,55697,180
07/08/2021 09:35:19,1628339719,-41.82,55691,178
07/08/2021 09:35:49,1628339749,-41.76,55655,179
07/08/2021 09:36:19,1628339779,-41.73,55684,182
07/08/2021 09:36:49,1628339809,-41.82,55684,88
07/08/2021 09:37:19,1628339839,-41.88,55719,181
07/08/2021 09:37:49,1628339869,-41.91,55719,193
07/08/2021 09:38:19,1628339899,-41.82,55691,181
07/08/2021 09:38:49,1628339929,-41.91,55704,181
07/08/2021 09:39:19,1628339959,-41.88,55697,182
07/08/2021 09:39:49,1628339989,-41.88,55697,183
07/08/2021 09:40:19,1628340019,-41.91,55691,184
07/08/2021 09:40:49,1628340049,-41.79,55719,185
07/08/2021 09:41:19,1628340079,-41.82,55684,187
07/08/2021 09:41:49,1628340109,-41.88,55670,1086
07/08/2021 09:42:19,1628340139,-41.82,55711,78
07/08/2021 09:42:49,1628340169,-41.85,55726,130
07/08/2021 09:43:19,1628340199,-41.85,55747,405
07/08/2021 09:43:49,1628340229,-41.82,55691,1110
07/08/2021 09:44:19,1628340259,-41.82,55704,190
07/08/2021 09:44:49,1628340289,-41.82,55655,198
07/08/2021 09:45:19,1628340319,-41.73,55726,191
07/08/2021 09:45:49,1628340349,-41.73,55719,192
07/08/2021 09:46:19,1628340379,-41.76,55740,193
07/08/2021 09:46:49,1628340409,-41.73,55655,194
07/08/2021 09:47:19,1628340439,-41.67,55726,195
07/08/2021 09:47:49,1628340469,-41.82,55711,93
07/08/2021 09:48:19,1628340499,-41.85,55697,197
07/08/2021 09:48:49,1628340529,-41.7,55711,96
07/08/2021 09:49:19,1628340559,-41.76,55719,199
07/08/2021 09:49:49,1628340589,-41.76,55740,76
07/08/2021 09:50:19,1628340619,-41.58,55691,200
07/08/2021 09:50:49,1628340649,-41.76,55775,99
07/08/2021 09:51:19,1628340679,-41.82,55775,100
07/08/2021 09:51:49,1628340709,-41.79,55726,88
07/08/2021 09:52:19,1628340739,-41.64,55677,101
07/08/2021 09:52:49,1628340769,-41.61,55648,182
07/08/2021 09:53:19,1628340799,-41.73,55711,103
07/08/2021 09:53:49,1628340829,-41.73,55697,105
07/08/2021 09:54:19,1628340859,-41.73,55691,105
07/08/2021 09:54:49,1628340889,-41.67,55684,198
07/08/2021 09:55:19,1628340919,-41.67,55697,105
07/08/2021 09:55:49,1628340949,-41.67,55719,108
07/08/2021 09:56:19,1628340979,-41.88,55711,108
07/08/2021 09:56:49,1628341009,-41.85,55726,108
07/08/2021 09:57:19,1628341039,-41.76,55704,109
07/08/2021 09:57:49,1628341069,-41.76,55740,109
07/08/2021 09:58:19,1628341099,-41.67,55747,110
07/08/2021 09:58:49,1628341129,-41.73,55719,110
07/08/2021 09:59:19,1628341159,-41.64,55663,111
07/08/2021 09:59:49,1628341189,-41.76,55753,111
07/08/2021 10:00:19,1628341219,-41.7,55663,110
07/08/2021 10:00:49,1628341249,-41.43,55487,75
07/08/2021 10:01:19,1628341279,-41.61,55628,448
07/08/2021 10:01:49,1628341309,-41.85,55663,370
07/08/2021 10:02:19,1628341339,-41.7,55670,107
07/08/2021 10:02:49,1628341369,-41.82,55641,114
07/08/2021 10:03:19,1628341399,-41.91,55691,117
07/08/2021 10:03:49,1628341429,-41.88,55719,220
07/08/2021 10:04:19,1628341459,-41.82,55719,122
07/08/2021 10:04:49,1628341489,-41.82,55719,77
07/08/2021 10:05:19,1628341519,-41.88,55704,117
07/08/2021 10:05:49,1628341549,-41.91,55711,222
07/08/2021 10:06:19,1628341579,-41.91,55719,120
07/08/2021 10:06:49,1628341609,-41.85,55711,223
07/08/2021 10:07:19,1628341639,-41.91,55691,130
07/08/2021 10:07:49,1628341669,-41.91,55697,125
07/08/2021 10:08:19,1628341699,-41.88,55670,434
07/08/2021 10:08:49,1628341729,-41.91,55711,123
07/08/2021 10:09:19,1628341759,-41.79,55697,124
07/08/2021 10:09:49,1628341789,-41.94,55719,125
07/08/2021 10:10:19,1628341819,-41.85,55663,127
07/08/2021 10:10:49,1628341849,-41.85,55704,126
07/08/2021 10:11:19,1628341879,-41.91,55719,80
07/08/2021 10:11:49,1628341909,-41.76,55697,127
07/08/2021 10:12:19,1628341939,-41.85,55691,127
07/08/2021 10:12:49,1628341969,-41.73,55719,130
07/08/2021 10:13:19,1628341999,-41.91,55711,138
07/08/2021 10:13:49,1628342029,-41.79,55670,253
07/08/2021 10:14:19,1628342059,-41.79,55747,127
07/08/2021 10:14:49,1628342089,-41.91,55704,129
07/08/2021 10:15:19,1628342119,-41.76,55677,439
07/08/2021 10:15:49,1628342149,-41.85,55704,131
07/08/2021 10:16:19,1628342179,-41.76,55704,146
07/08/2021 10:16:49,1628342209,-41.7,55760,131
07/08/2021 10:17:19,1628342239,-41.76,55740,137
07/08/2021 10:17:49,1628342269,-41.79,55704,444
07/08/2021 10:18:19,1628342299,-41.82,55691,132
07/08/2021 10:18:49,1628342329,-41.73,55711,134
07/08/2021 10:19:19,1628342359,-41.82,55740,135
07/08/2021 10:19:49,1628342389,-41.76,55719,135
07/08/2021 10:20:19,1628342419,-41.76,55740,135
07/08/2021 10:20:49,1628342449,-41.64,55684,136
07/08/2021 10:21:19,1628342479,-41.58,55641,137
07/08/2021 10:21:49,1628342509,-41.67,55684,139
07/08/2021 10:22:19,1628342539,-41.73,55691,140
07/08/2021 10:22:49,1628342569,-41.61,55655,138
07/08/2021 10:23:19,1628342599,-41.7,55753,140
07/08/2021 10:23:49,1628342629,-41.79,55753,343
07/08/2021 10:24:19,1628342659,-41.67,55775,142
07/08/2021 10:24:49,1628342689,-41.79,55711,143
07/08/2021 10:25:19,1628342719,-41.73,55697,142
07/08/2021 10:25:49,1628342749,-41.67,55691,149
07/08/2021 10:26:19,1628342779,-41.61,55655,145
07/08/2021 10:26:49,1628342809,-41.76,55711,146
07/08/2021 10:27:19,1628342839,-41.7,55711,251
07/08/2021 10:27:49,1628342869,-41.64,55726,148
07/08/2021 10:28:19,1628342899,-41.64,55691,148
07/08/2021 10:28:49,1628342929,-41.64,55747,77
07/08/2021 10:29:19,1628342959,-41.67,55719,151
07/08/2021 10:29:49,1628342989,-41.64,55719,150
07/08/2021 10:30:19,1628343019,-41.67,55691,150
07/08/2021 10:30:49,1628343049,-41.73,55760,149
07/08/2021 10:31:19,1628343079,-41.64,55719,151
07/08/2021 10:31:49,1628343109,-41.73,55767,151
07/08/2021 10:32:19,1628343139,-41.64,55711,152
07/08/2021 10:32:49,1628343169,-41.58,55747,2845
07/08/2021 10:33:19,1628343199,-41.64,55719,153
07/08/2021 10:33:49,1628343229,-41.58,55719,154
07/08/2021 10:34:19,1628343259,-41.58,55726,154
07/08/2021 10:34:49,1628343289,-41.55,55711,156
07/08/2021 10:35:19,1628343319,-41.64,55719,162
07/08/2021 10:35:49,1628343349,-41.64,55726,185
07/08/2021 10:36:19,1628343379,-41.46,55719,159
07/08/2021 10:36:49,1628343409,-41.46,55726,161
07/08/2021 10:37:22,1628343442,-41.52,55697,4433
07/08/2021 10:37:49,1628343469,-41.4,55740,3130
07/08/2021 10:38:28,1628343508,-41.58,55740,162
07/08/2021 10:38:49,1628343529,-41.58,55704,76
07/08/2021 10:39:19,1628343559,-41.55,55697,81
07/08/2021 10:39:49,1628343589,-41.64,55753,163
07/08/2021 10:40:19,1628343619,-41.58,55726,76
07/08/2021 10:40:49,1628343649,-41.46,55697,576
07/08/2021 10:41:19,1628343679,-41.64,55726,166
07/08/2021 10:41:49,1628343709,-41.61,55803,76
07/08/2021 10:42:19,1628343739,-41.55,55747,288
07/08/2021 10:42:49,1628343769,-41.49,55747,270
07/08/2021 10:43:19,1628343799,-41.52,55726,279
07/08/2021 10:43:49,1628343829,-41.52,55760,1096
07/08/2021 10:44:19,1628343859,-41.43,55704,167
07/08/2021 10:44:49,1628343889,-41.64,55747,7848
07/08/2021 10:45:19,1628343919,-41.61,55684,272
07/08/2021 10:45:49,1628343949,-41.58,55670,76
07/08/2021 10:46:19,1628343979,-41.55,55740,170
07/08/2021 10:46:49,1628344009,-41.52,55704,171
07/08/2021 10:47:19,1628344039,-41.67,55782,511
07/08/2021 10:47:49,1628344069,-41.55,55753,178
07/08/2021 10:48:19,1628344099,-41.64,55704,76
07/08/2021 10:48:49,1628344129,-41.55,55719,82
07/08/2021 10:49:19,1628344159,-41.46,55760,174
07/08/2021 10:49:49,1628344189,-41.55,55719,175
07/08/2021 10:50:19,1628344219,-41.52,55704,175
07/08/2021 10:50:49,1628344249,-41.58,55747,279
07/08/2021 10:51:19,1628344279,-41.61,55711,85
07/08/2021 10:51:49,1628344309,-41.55,55719,175
07/08/2021 10:52:19,1628344339,-41.58,55740,175
07/08/2021 10:52:49,1628344369,-41.43,55704,176
07/08/2021 10:53:19,1628344399,-41.64,55726,179
07/08/2021 10:53:49,1628344429,-41.67,55782,178
07/08/2021 10:54:19,1628344459,-41.67,55719,77
07/08/2021 10:54:49,1628344489,-41.67,55726,77
07/08/2021 10:55:19,1628344519,-41.64,55691,179
07/08/2021 10:55:49,1628344549,-41.61,55719,181
07/08/2021 10:56:19,1628344579,-41.43,55726,181
07/08/2021 10:56:49,1628344609,-41.73,55719,182
07/08/2021 10:57:19,1628344639,-41.64,55726,187
07/08/2021 10:57:49,1628344669,-41.58,55711,182
07/08/2021 10:58:19,1628344699,-41.49,55704,183
07/08/2021 10:58:49,1628344729,-41.43,55747,185
07/08/2021 10:59:19,1628344759,-41.73,55719,184
07/08/2021 10:59:49,1628344789,-41.55,55670,185
07/08/2021 11:00:19,1628344819,-41.52,55740,185
07/08/2021 11:00:49,1628344849,-41.7,55726,280
07/08/2021 11:01:19,1628344879,-41.61,55704,187
07/08/2021 11:01:49,1628344909,-41.58,55740,187
07/08/2021 11:02:19,1628344939,-41.64,55789,188
07/08/2021 11:02:49,1628344969,-41.55,55711,86
07/08/2021 11:03:19,1628344999,-41.55,55704,78
07/08/2021 11:03:49,1628345029,-41.61,55719,90
07/08/2021 11:04:19,1628345059,-41.64,55711,192
07/08/2021 11:04:49,1628345089,-41.7,55711,92
07/08/2021 11:05:19,1628345119,-41.67,55747,92
07/08/2021 11:05:49,1628345149,-41.55,55711,91
07/08/2021 11:06:19,1628345179,-41.7,55775,93
07/08/2021 11:06:49,1628345209,-41.64,55726,196
07/08/2021 11:07:19,1628345239,-41.73,55747,92
07/08/2021 11:07:49,1628345269,-41.58,55684,608
07/08/2021 11:08:19,1628345299,-41.49,55641,94
07/08/2021 11:08:49,1628345329,-41.52,55697,94
07/08/2021 11:09:19,1628345359,-41.64,55691,96
07/08/2021 11:09:49,1628345389,-41.46,55726,95
07/08/2021 11:10:19,1628345419,-41.79,55719,405
07/08/2021 11:10:49,1628345449,-41.55,55760,97
07/08/2021 11:11:19,1628345479,-41.7,55782,98
07/08/2021 11:11:49,1628345509,-41.67,55747,97
07/08/2021 11:12:19,1628345539,-41.67,55753,115
07/08/2021 11:12:49,1628345569,-41.55,55719,99
07/08/2021 11:13:19,1628345599,-41.58,55747,99
07/08/2021 11:13:49,1628345629,-41.73,55719,98
07/08/2021 11:14:19,1628345659,-41.58,55726,98
07/08/2021 11:14:49,1628345689,-41.73,55697,99
07/08/2021 11:15:19,1628345719,-41.7,55747,76
07/08/2021 11:15:49,1628345749,-41.76,55704,100
07/08/2021 11:16:19,1628345779,-41.79,55719,75
07/08/2021 11:16:49,1628345809,-41.94,55719,102
07/08/2021 11:17:19,1628345839,-41.73,55711,102
07/08/2021 11:17:49,1628345869,-41.82,55711,103
07/08/2021 11:18:19,1628345899,-41.91,55747,104
07/08/2021 11:18:49,1628345929,-41.79,55670,105
07/08/2021 11:19:19,1628345959,-41.73,55726,87
07/08/2021 11:19:49,1628345989,-41.94,55697,105
07/08/2021 11:20:19,1628346019,-41.79,55704,109
07/08/2021 11:20:49,1628346049,-41.85,55740,107
07/08/2021 11:21:19,1628346079,-41.85,55747,108
07/08/2021 11:21:49,1628346109,-41.85,55711,108
07/08/2021 11:22:19,1628346139,-41.76,55719,109
07/08/2021 11:22:49,1628346169,-41.79,55747,110
07/08/2021 11:23:19,1628346199,-41.76,55691,111
07/08/2021 11:23:49,1628346229,-41.85,55740,110
07/08/2021 11:24:19,1628346259,-41.82,55697,109
07/08/2021 11:24:49,1628346289,-41.91,55704,112
07/08/2021 11:25:19,1628346319,-41.82,55775,420
07/08/2021 11:25:49,1628346349,-41.88,55767,78
07/08/2021 11:26:19,1628346379,-41.97,55726,79
07/08/2021 11:26:49,1628346409,-41.82,55726,85
07/08/2021 11:27:19,1628346439,-41.94,55775,88
07/08/2021 11:27:49,1628346469,-41.94,55747,114
07/08/2021 11:28:19,1628346499,-41.85,55704,115
07/08/2021 11:28:49,1628346529,-42.01,55719,115
07/08/2021 11:29:19,1628346559,-41.97,55726,131
07/08/2021 11:29:49,1628346589,-41.94,55789,117
07/08/2021 11:30:19,1628346619,-41.97,55711,118
07/08/2021 11:30:49,1628346649,-42.07,55740,80
07/08/2021 11:31:19,1628346679,-41.91,55747,120
07/08/2021 11:31:49,1628346709,-41.94,55803,227
07/08/2021 11:32:19,1628346739,-41.91,55760,125
07/08/2021 11:32:49,1628346769,-41.97,55691,224
07/08/2021 11:33:19,1628346799,-42.1,55747,125
07/08/2021 11:33:49,1628346829,-42.07,55704,2967
07/08/2021 11:34:19,1628346859,-42.13,55697,123
07/08/2021 11:34:49,1628346889,-41.88,55740,122
07/08/2021 11:35:19,1628346919,-42.1,55760,123
07/08/2021 11:35:49,1628346949,-42.07,55719,126
07/08/2021 11:36:19,1628346979,-42.1,55782,125
07/08/2021 11:36:49,1628347009,-41.97,55816,127
07/08/2021 11:37:19,1628347039,-41.97,55760,130
07/08/2021 11:37:49,1628347069,-41.97,55747,1271
07/08/2021 11:38:19,1628347099,-42.13,55760,137
07/08/2021 11:38:49,1628347129,-42.07,55753,146
07/08/2021 11:39:19,1628347159,-42.04,55782,131
07/08/2021 11:39:49,1628347189,-41.97,55704,131
07/08/2021 11:40:19,1628347219,-41.82,55697,138
07/08/2021 11:40:49,1628347249,-41.82,55796,132
07/08/2021 11:41:19,1628347279,-42.13,55753,85
07/08/2021 11:41:49,1628347309,-42.01,55711,134
07/08/2021 11:42:19,1628347339,-42.1,55747,134
07/08/2021 11:42:49,1628347369,-42.04,55726,135
07/08/2021 11:43:19,1628347399,-42.04,55760,137
07/08/2021 11:43:49,1628347429,-42.04,55740,138
07/08/2021 11:44:19,1628347459,-42.22,55767,137
07/08/2021 11:44:50,1628347490,-42.1,55719,139
07/08/2021 11:45:19,1628347519,-42.04,55740,691
07/08/2021 11:45:49,1628347549,-41.97,55767,355
07/08/2021 11:46:19,1628347579,-42.07,55760,79
07/08/2021 11:46:49,1628347609,-42.07,55719,454
07/08/2021 11:47:19,1628347639,-42.04,55760,141
07/08/2021 11:47:49,1628347669,-42.19,55740,1453
07/08/2021 11:48:19,1628347699,-42.01,55726,455
07/08/2021 11:48:49,1628347729,-42.07,55753,144
07/08/2021 11:49:19,1628347759,-41.97,55704,451
07/08/2021 11:49:49,1628347789,-42.1,55740,126
07/08/2021 11:50:19,1628347819,-42.16,55711,146
07/08/2021 11:50:49,1628347849,-42.19,55726,146
07/08/2021 11:51:19,1628347879,-41.97,55691,148
07/08/2021 11:51:49,1628347909,-42.22,55803,148
07/08/2021 11:52:19,1628347939,-42.25,55775,931
07/08/2021 11:52:49,1628347969,-42.16,55803,153
07/08/2021 11:53:19,1628347999,-42.13,55767,151
07/08/2021 11:53:49,1628348029,-42.25,55704,464
07/08/2021 11:54:19,1628348059,-42.25,55719,161
07/08/2021 11:54:49,1628348089,-42.07,55753,148
07/08/2021 11:55:19,1628348119,-42.19,55767,165
07/08/2021 11:55:49,1628348149,-42.25,55740,155
07/08/2021 11:56:19,1628348179,-42.22,55726,2922
07/08/2021 11:56:49,1628348209,-42.16,55767,156
07/08/2021 11:57:19,1628348239,-42.25,55726,158
07/08/2021 11:57:49,1628348269,-42.16,55726,166
07/08/2021 11:58:19,1628348299,-42.13,55796,157
07/08/2021 11:58:49,1628348329,-42.28,55691,74
07/08/2021 11:59:19,1628348359,-42.31,55704,363
07/08/2021 11:59:49,1628348389,-42.37,55719,85
07/08/2021 12:00:19,1628348419,-42.34,55704,159
07/08/2021 12:00:49,1628348449,-42.22,55753,161
07/08/2021 12:01:19,1628348479,-42.28,55775,177
07/08/2021 12:01:49,1628348509,-42.25,55726,161
07/08/2021 12:02:19,1628348539,-42.13,55691,183
07/08/2021 12:02:49,1628348569,-42.34,55704,164
07/08/2021 12:03:19,1628348599,-42.19,55740,164
07/08/2021 12:03:49,1628348629,-42.25,55691,164
07/08/2021 12:04:19,1628348659,-42.37,55719,77
07/08/2021 12:04:50,1628348690,-42.28,55760,79
07/08/2021 12:05:19,1628348719,-42.31,55760,2654
07/08/2021 12:05:49,1628348749,-42.1,55697,169
07/08/2021 12:06:19,1628348779,-42.19,55767,171
07/08/2021 12:06:49,1628348809,-42.31,55767,169
07/08/2021 12:07:19,1628348839,-42.28,55789,179
07/08/2021 12:07:49,1628348869,-42.37,55753,172
07/08/2021 12:08:19,1628348899,-42.22,55726,175
07/08/2021 12:08:49,1628348929,-42.31,55760,174
07/08/2021 12:09:19,1628348959,-42.52,55697,176
07/08/2021 12:09:49,1628348989,-42.34,55747,176
07/08/2021 12:10:19,1628349019,-42.34,55789,179
07/08/2021 12:10:49,1628349049,-42.28,55747,185
07/08/2021 12:11:19,1628349079,-42.16,55726,177
07/08/2021 12:11:49,1628349109,-42.34,55838,178
07/08/2021 12:12:19,1628349139,-42.37,55747,180
07/08/2021 12:12:49,1628349169,-42.25,55691,179
07/08/2021 12:13:19,1628349199,-42.28,55753,182
07/08/2021 12:13:49,1628349229,-42.34,55789,86
07/08/2021 12:14:19,1628349259,-42.28,55782,182
07/08/2021 12:14:49,1628349289,-42.22,55760,85
07/08/2021 12:15:19,1628349319,-42.37,55760,170
07/08/2021 12:15:49,1628349349,-42.43,55775,90
07/08/2021 12:16:19,1628349379,-42.43,55767,111
07/08/2021 12:16:50,1628349410,-42.25,55740,492
07/08/2021 12:17:19,1628349439,-42.46,55803,194
07/08/2021 12:17:49,1628349469,-42.37,55767,96
07/08/2021 12:18:19,1628349499,-42.52,55760,1158
07/08/2021 12:18:49,1628349529,-42.49,55760,2858
07/08/2021 12:19:19,1628349559,-42.25,55760,86
07/08/2021 12:19:49,1628349589,-42.28,55747,86
07/08/2021 12:20:19,1628349619,-42.43,55726,86
07/08/2021 12:20:49,1628349649,-42.4,55760,189
07/08/2021 12:21:19,1628349679,-42.4,55767,201
07/08/2021 12:21:50,1628349710,-42.37,55775,76
07/08/2021 12:22:19,1628349739,-42.46,55740,90
07/08/2021 12:22:50,1628349770,-42.37,55753,76
07/08/2021 12:23:20,1628349800,-42.37,55740,76
07/08/2021 12:23:50,1628349830,-42.55,55697,79
07/08/2021 12:24:20,1628349860,-42.55,55775,76
07/08/2021 12:24:50,1628349890,-42.4,55760,76
07/08/2021 12:25:20,1628349920,-42.71,55747,91
07/08/2021 12:25:50,1628349950,-42.49,55704,93
07/08/2021 12:26:20,1628349980,-42.52,55740,93
07/08/2021 12:26:50,1628350010,-42.59,55782,94
07/08/2021 12:27:20,1628350040,-42.49,55753,95
07/08/2021 12:27:50,1628350070,-42.43,55753,103
07/08/2021 12:28:20,1628350100,-42.49,55767,97
07/08/2021 12:28:50,1628350130,-42.71,55740,99
07/08/2021 12:29:20,1628350160,-42.55,55775,98
07/08/2021 12:29:50,1628350190,-42.34,55740,124
07/08/2021 12:30:20,1628350220,-42.49,55760,99
07/08/2021 12:30:50,1628350250,-42.46,55697,101
07/08/2021 12:31:20,1628350280,-42.52,55782,101
07/08/2021 12:31:50,1628350310,-42.68,55753,112
07/08/2021 12:32:20,1628350340,-42.71,55760,77
07/08/2021 12:32:50,1628350370,-42.52,55691,103
07/08/2021 12:33:20,1628350400,-42.77,55760,105
07/08/2021 12:33:50,1628350430,-42.71,55775,105
07/08/2021 12:34:20,1628350460,-42.62,55782,106
07/08/2021 12:34:50,1628350490,-42.71,55775,108
07/08/2021 12:35:20,1628350520,-42.83,55782,108
07/08/2021 12:35:50,1628350550,-42.62,55677,333
07/08/2021 12:36:20,1628350580,-42.62,55753,108
07/08/2021 12:36:50,1628350610,-42.71,55726,109
07/08/2021 12:37:20,1628350640,-42.55,55782,109
07/08/2021 12:37:50,1628350670,-42.59,55767,110
07/08/2021 12:38:20,1628350700,-42.68,55796,111
07/08/2021 12:38:50,1628350730,-42.92,55655,115
07/08/2021 12:39:20,1628350760,-42.77,55677,110
07/08/2021 12:39:50,1628350790,-42.8,55838,77
07/08/2021 12:40:20,1628350820,-42.62,55782,112
07/08/2021 12:40:50,1628350850,-42.83,55733,99
07/08/2021 12:41:20,1628350880,-42.77,55816,112
07/08/2021 12:41:50,1628350910,-42.4,55439,114
07/08/2021 12:42:20,1628350940,-42.74,55753,120
07/08/2021 12:42:50,1628350970,-42.8,55859,114
07/08/2021 12:43:22,1628351002,-42.95,55915,217
07/08/2021 12:43:50,1628351030,-42.74,55859,8818
07/08/2021 12:44:20,1628351060,-42.74,55816,115
07/08/2021 12:44:50,1628351090,-42.68,55789,220
07/08/2021 12:45:20,1628351120,-42.89,55838,3100
07/08/2021 12:45:50,1628351150,-42.68,55796,118
07/08/2021 12:46:20,1628351180,-42.8,55838,131
07/08/2021 12:46:50,1628351210,-42.65,55760,223
07/08/2021 12:47:20,1628351240,-42.71,55872,119
07/08/2021 12:47:52,1628351272,-42.77,55908,227
07/08/2021 12:48:20,1628351300,-42.77,55838,119
07/08/2021 12:48:50,1628351330,-42.8,55852,138
07/08/2021 12:49:20,1628351360,-42.71,55789,122
07/08/2021 12:49:50,1628351390,-42.77,55894,125
07/08/2021 12:50:20,1628351420,-42.68,55816,123
07/08/2021 12:50:52,1628351452,-42.92,55887,108
07/08/2021 12:51:20,1628351480,-42.98,55922,342
07/08/2021 12:51:50,1628351510,-42.68,55845,132
07/08/2021 12:52:22,1628351542,-42.83,55866,135
07/08/2021 12:52:50,1628351570,-42.86,55838,136
07/08/2021 12:53:20,1628351600,-42.89,55852,184
07/08/2021 12:53:50,1628351630,-42.83,55838,1157
07/08/2021 12:54:20,1628351660,-43.17,55928,1257
07/08/2021 12:54:50,1628351690,-42.98,55901,1262
07/08/2021 12:55:20,1628351720,-42.83,55845,141
07/08/2021 12:55:50,1628351750,-42.77,55831,157
07/08/2021 12:56:20,1628351780,-43.04,55908,1381
07/08/2021 12:56:50,1628351810,-43.17,55928,137
07/08/2021 12:57:20,1628351840,-43.07,55922,136
07/08/2021 12:57:50,1628351870,-43.04,55978,136
07/08/2021 12:58:20,1628351900,-43.04,55950,83
07/08/2021 12:58:50,1628351930,-43.07,55879,146
07/08/2021 12:59:20,1628351960,-43.44,56020,144
07/08/2021 12:59:50,1628351990,-42.92,55775,1179
07/08/2021 13:00:20,1628352020,-42.95,55866,148
07/08/2021 13:00:50,1628352050,-43.01,55894,1211
07/08/2021 13:01:20,1628352080,-43.01,55922,146
07/08/2021 13:01:50,1628352110,-43.04,55928,144
07/08/2021 13:02:20,1628352140,-43.23,55943,162
07/08/2021 13:02:50,1628352170,-43.04,55950,144
07/08/2021 13:03:20,1628352200,-42.86,55879,151
07/08/2021 13:03:50,1628352230,-43.07,55894,174
07/08/2021 13:04:20,1628352260,-43.2,55887,1187
07/08/2021 13:04:50,1628352290,-43.1,55894,153
07/08/2021 13:05:20,1628352320,-43.29,55943,156
07/08/2021 13:05:50,1628352350,-42.95,55782,159
07/08/2021 13:06:20,1628352380,-43.29,55894,164
07/08/2021 13:06:50,1628352410,-43.13,55872,187
07/08/2021 13:07:20,1628352440,-43.29,55879,1085
07/08/2021 13:07:50,1628352470,-43.07,55957,4976
07/08/2021 13:08:20,1628352500,-43.07,55887,5080
07/08/2021 13:08:50,1628352530,-43.04,55872,206
07/08/2021 13:09:20,1628352560,-43.32,55957,155
07/08/2021 13:09:50,1628352590,-43.13,55908,131
07/08/2021 13:10:20,1628352620,-43.04,55872,191
07/08/2021 13:10:50,1628352650,-43.32,56027,5806
07/08/2021 13:11:20,1628352680,-43.2,55999,1289
07/08/2021 13:11:50,1628352710,-43.23,55908,467
07/08/2021 13:12:20,1628352740,-43.01,55796,2824
07/08/2021 13:12:50,1628352770,-43.38,55991,266
07/08/2021 13:13:20,1628352800,-43.47,56027,162
07/08/2021 13:13:50,1628352830,-43.38,56055,361
07/08/2021 13:14:20,1628352860,-43.26,55999,165
07/08/2021 13:14:50,1628352890,-43.35,55922,163
07/08/2021 13:15:20,1628352920,-43.5,56069,167
07/08/2021 13:15:50,1628352950,-43.38,55991,168
07/08/2021 13:16:20,1628352980,-43.44,55915,164
07/08/2021 13:16:50,1628353010,-43.5,55928,1174
07/08/2021 13:17:20,1628353040,-43.47,55957,163
07/08/2021 13:17:50,1628353070,-43.53,55984,180
07/08/2021 13:18:20,1628353100,-43.53,56020,181
07/08/2021 13:18:50,1628353130,-43.53,55935,165
07/08/2021 13:19:20,1628353160,-43.59,55943,2633
07/08/2021 13:19:50,1628353190,-43.62,56076,169
07/08/2021 13:20:20,1628353220,-43.53,55999,171
07/08/2021 13:20:50,1628353250,-43.32,55908,1176
07/08/2021 13:21:20,1628353280,-43.65,55908,5799
07/08/2021 13:21:50,1628353310,-43.65,56041,167
07/08/2021 13:22:20,1628353340,-43.56,56062,78
07/08/2021 13:22:50,1628353370,-43.53,55984,168
07/08/2021 13:23:20,1628353400,-43.68,55991,114
07/08/2021 13:23:50,1628353430,-43.5,55950,169
07/08/2021 13:24:20,1628353460,-43.53,55999,2940
07/08/2021 13:24:50,1628353490,-43.74,56020,170
07/08/2021 13:25:20,1628353520,-43.17,55641,5805
07/08/2021 13:25:50,1628353550,-43.56,55859,1107
07/08/2021 13:26:23,1628353583,-43.93,56111,128
07/08/2021 13:26:50,1628353610,-43.56,55879,182
07/08/2021 13:27:20,1628353640,-43.71,55984,178
07/08/2021 13:27:50,1628353670,-43.68,55999,4167
07/08/2021 13:28:20,1628353700,-43.68,55984,185
07/08/2021 13:28:50,1628353730,-43.62,55943,5205
07/08/2021 13:29:20,1628353760,-43.56,55901,3045
07/08/2021 13:29:50,1628353790,-43.47,55823,179
07/08/2021 13:30:20,1628353820,-43.81,55935,181
07/08/2021 13:30:50,1628353850,-43.74,55971,180
07/08/2021 13:31:20,1628353880,-43.68,55991,182
07/08/2021 13:31:50,1628353910,-43.56,55935,186
07/08/2021 13:32:20,1628353940,-43.93,56083,181
07/08/2021 13:32:50,1628353970,-43.84,56076,187
07/08/2021 13:33:20,1628354000,-43.71,55991,196
07/08/2021 13:33:50,1628354030,-43.87,56097,186
07/08/2021 13:34:20,1628354060,-43.87,56055,1219
07/08/2021 13:34:50,1628354090,-43.9,56047,189
07/08/2021 13:35:20,1628354120,-43.81,56020,1414
07/08/2021 13:35:50,1628354150,-43.62,56041,190
07/08/2021 13:36:20,1628354180,-43.84,56047,23844
07/08/2021 13:36:50,1628354210,-43.74,55991,1419
07/08/2021 13:37:20,1628354240,-43.9,56041,1212
07/08/2021 13:37:50,1628354270,-43.81,55957,185
07/08/2021 13:38:20,1628354300,-43.9,55991,185
07/08/2021 13:38:50,1628354330,-43.9,55984,83
07/08/2021 13:39:20,1628354360,-43.59,55971,84
07/08/2021 13:39:50,1628354390,-43.81,55999,190
07/08/2021 13:40:20,1628354420,-43.71,56013,85
07/08/2021 13:40:50,1628354450,-43.84,55984,104
07/08/2021 13:41:20,1628354480,-43.93,55991,85
07/08/2021 13:41:50,1628354510,-44.02,56076,85
07/08/2021 13:42:20,1628354540,-43.9,56013,85
07/08/2021 13:42:50,1628354570,-43.99,56062,76
07/08/2021 13:43:20,1628354600,-43.99,56020,87
07/08/2021 13:43:50,1628354630,-44.02,55984,86
07/08/2021 13:44:20,1628354660,-44.02,56027,88
07/08/2021 13:44:50,1628354690,-44.02,56013,88
07/08/2021 13:45:20,1628354720,-44.02,56041,89
07/08/2021 13:45:50,1628354750,-43.87,55971,90
07/08/2021 13:46:20,1628354780,-44.02,56020,91
07/08/2021 13:46:50,1628354810,-43.96,56034,92
07/08/2021 13:47:20,1628354840,-43.99,55999,97
07/08/2021 13:47:50,1628354870,-43.84,55971,95
07/08/2021 13:48:20,1628354900,-43.87,56020,94
07/08/2021 13:48:50,1628354930,-44.11,55999,94
07/08/2021 13:49:20,1628354960,-43.93,55971,95
07/08/2021 13:49:50,1628354990,-43.93,55971,96
07/08/2021 13:50:20,1628355020,-43.99,55999,98
07/08/2021 13:50:50,1628355050,-43.96,56013,76
07/08/2021 13:51:20,1628355080,-44.11,56013,88
07/08/2021 13:51:50,1628355110,-44.02,56020,99
07/08/2021 13:52:20,1628355140,-43.99,55991,100
07/08/2021 13:52:50,1628355170,-44.08,56013,101
07/08/2021 13:53:20,1628355200,-44.05,55991,102
07/08/2021 13:53:50,1628355230,-44.05,55935,102
07/08/2021 13:54:20,1628355260,-44.08,56047,103
07/08/2021 13:54:50,1628355290,-44.05,56006,105
07/08/2021 13:55:20,1628355320,-44.02,56034,103
07/08/2021 13:55:50,1628355350,-43.99,55991,103
07/08/2021 13:56:20,1628355380,-44.05,55971,103
07/08/2021 13:56:50,1628355410,-44.02,56020,103
07/08/2021 13:57:20,1628355440,-44.2,56020,103
07/08/2021 13:57:50,1628355470,-44.23,56020,104
07/08/2021 13:58:20,1628355500,-44.14,55984,104
07/08/2021 13:58:50,1628355530,-44.05,56006,105
07/08/2021 13:59:20,1628355560,-44.11,55991,106
07/08/2021 13:59:50,1628355590,-43.96,56034,107
07/08/2021 14:00:20,1628355620,-44.29,56006,107
07/08/2021 14:00:50,1628355650,-44.08,56020,111
07/08/2021 14:01:20,1628355680,-44.14,56020,115
07/08/2021 14:01:50,1628355710,-44.23,56034,109
07/08/2021 14:02:20,1628355740,-44.2,56027,110
07/08/2021 14:02:50,1628355770,-44.2,56013,111
07/08/2021 14:03:20,1628355800,-44.14,55999,111
07/08/2021 14:03:50,1628355830,-44.23,56020,111
07/08/2021 14:04:20,1628355860,-44.29,56027,112
07/08/2021 14:04:50,1628355890,-44.29,56006,113
07/08/2021 14:05:20,1628355920,-44.29,55991,114
07/08/2021 14:05:50,1628355950,-44.2,55991,114
07/08/2021 14:06:20,1628355980,-44.36,56013,114
07/08/2021 14:06:50,1628356010,-44.14,56013,122
07/08/2021 14:07:20,1628356040,-44.26,56013,110
07/08/2021 14:07:50,1628356070,-44.29,56027,96
07/08/2021 14:08:20,1628356100,-44.17,55984,118
07/08/2021 14:08:50,1628356130,-44.17,56006,118
07/08/2021 14:09:20,1628356160,-44.42,56013,75
07/08/2021 14:09:50,1628356190,-44.2,56020,120
07/08/2021 14:10:20,1628356220,-44.39,56006,121
07/08/2021 14:10:50,1628356250,-44.42,56055,121
07/08/2021 14:11:20,1628356280,-44.2,56041,121
07/08/2021 14:11:50,1628356310,-44.26,55984,121
07/08/2021 14:12:20,1628356340,-44.32,55991,77
07/08/2021 14:12:50,1628356370,-44.39,56041,116
07/08/2021 14:13:20,1628356400,-44.39,56013,122
07/08/2021 14:13:50,1628356430,-44.23,56034,122
07/08/2021 14:14:20,1628356460,-44.42,56027,125
07/08/2021 14:14:50,1628356490,-44.57,56062,187
07/08/2021 14:15:20,1628356520,-44.42,55964,76
07/08/2021 14:15:51,1628356551,-44.48,55991,75
07/08/2021 14:16:20,1628356580,-44.48,55978,76
07/08/2021 14:16:50,1628356610,-44.36,56013,74
07/08/2021 14:17:20,1628356640,-44.48,56034,75
07/08/2021 14:17:50,1628356670,-44.54,56013,88
07/08/2021 14:18:20,1628356700,-44.45,55984,125
07/08/2021 14:18:50,1628356730,-44.39,56013,125
07/08/2021 14:19:20,1628356760,-44.42,56013,334
07/08/2021 14:19:50,1628356790,-44.29,56006,127
07/08/2021 14:20:20,1628356820,-44.32,56069,229
07/08/2021 14:20:50,1628356850,-44.39,56006,128
07/08/2021 14:21:20,1628356880,-44.42,56027,76
07/08/2021 14:21:50,1628356910,-44.48,56006,130
07/08/2021 14:22:20,1628356940,-44.36,56006,129
07/08/2021 14:22:50,1628356970,-44.57,56027,132
07/08/2021 14:23:20,1628357000,-44.57,56041,132
07/08/2021 14:23:50,1628357030,-44.48,56020,131
07/08/2021 14:24:20,1628357060,-44.51,55999,132
07/08/2021 14:24:51,1628357091,-44.51,56027,78
07/08/2021 14:25:20,1628357120,-44.51,56041,342
07/08/2021 14:25:50,1628357150,-44.57,56034,136
07/08/2021 14:26:20,1628357180,-44.63,56047,136
07/08/2021 14:26:50,1628357210,-44.45,55978,136
07/08/2021 14:27:20,1628357240,-44.6,56034,141
07/08/2021 14:27:50,1628357270,-44.42,56013,77
07/08/2021 14:28:20,1628357300,-44.48,56034,138
07/08/2021 14:28:50,1628357330,-44.51,56027,140
07/08/2021 14:29:20,1628357360,-44.29,56041,76
07/08/2021 14:29:50,1628357390,-44.57,56076,76
07/08/2021 14:30:20,1628357420,-44.51,56047,141
07/08/2021 14:30:50,1628357450,-44.45,56069,140
07/08/2021 14:31:20,1628357480,-44.36,55999,132
07/08/2021 14:31:50,1628357510,-44.42,56027,143
07/08/2021 14:32:20,1628357540,-44.63,56047,75
07/08/2021 14:32:50,1628357570,-44.54,56076,144
07/08/2021 14:33:20,1628357600,-44.48,56041,145
07/08/2021 14:33:50,1628357630,-44.66,56069,143
07/08/2021 14:34:20,1628357660,-44.51,56055,144
07/08/2021 14:34:50,1628357690,-44.6,56041,145
07/08/2021 14:35:20,1628357720,-44.63,56083,254
07/08/2021 14:35:50,1628357750,-44.78,56027,149
07/08/2021 14:36:20,1628357780,-44.63,56076,150
07/08/2021 14:36:50,1628357810,-44.66,56097,148
07/08/2021 14:37:20,1628357840,-44.63,56090,155
07/08/2021 14:37:50,1628357870,-44.66,56069,148
07/08/2021 14:38:20,1628357900,-44.72,56055,149
07/08/2021 14:38:50,1628357930,-44.66,56083,160
07/08/2021 14:39:20,1628357960,-44.75,56076,86
07/08/2021 14:39:50,1628357990,-44.81,56083,151
07/08/2021 14:40:20,1628358020,-44.78,56055,460
07/08/2021 14:40:50,1628358050,-44.78,56083,155
07/08/2021 14:41:20,1628358080,-44.72,56020,156
07/08/2021 14:41:50,1628358110,-44.84,56041,163
07/08/2021 14:42:20,1628358140,-44.72,56069,157
07/08/2021 14:42:50,1628358170,-44.72,56083,155
07/08/2021 14:43:20,1628358200,-44.84,56062,175
07/08/2021 14:43:50,1628358230,-44.81,55978,155
07/08/2021 14:44:20,1628358260,-44.48,55838,155
07/08/2021 14:44:50,1628358290,-44.63,55978,155
07/08/2021 14:45:20,1628358320,-44.84,56027,78
07/08/2021 14:45:50,1628358350,-45.15,56132,155
07/08/2021 14:46:20,1628358380,-44.81,56034,93
07/08/2021 14:46:50,1628358410,-45,56111,85
07/08/2021 14:47:20,1628358440,-45.06,56118,184
07/08/2021 14:47:50,1628358470,-44.97,56090,159
07/08/2021 14:48:20,1628358500,-45.06,56090,160
07/08/2021 14:48:50,1628358530,-45.06,56118,160
07/08/2021 14:49:20,1628358560,-44.72,56062,161
07/08/2021 14:49:50,1628358590,-44.84,56083,102
07/08/2021 14:50:20,1628358620,-45,56118,166
07/08/2021 14:50:50,1628358650,-45.06,56125,163
07/08/2021 14:51:20,1628358680,-45.09,56139,164
07/08/2021 14:51:50,1628358710,-44.94,56069,164
07/08/2021 14:52:20,1628358740,-45.21,56055,78
07/08/2021 14:52:50,1628358770,-44.9,55978,93
07/08/2021 14:53:20,1628358800,-45.15,56097,182
07/08/2021 14:53:50,1628358830,-44.9,56055,166
07/08/2021 14:54:20,1628358860,-44.78,55971,171
07/08/2021 14:54:50,1628358890,-45.12,56125,83
07/08/2021 14:55:20,1628358920,-45.18,56097,168
07/08/2021 14:55:50,1628358950,-44.9,56083,168
07/08/2021 14:56:20,1628358980,-44.97,56027,169
07/08/2021 14:56:50,1628359010,-45.06,56047,170
07/08/2021 14:57:20,1628359040,-45.3,56209,172
07/08/2021 14:57:50,1628359070,-45.12,56047,171
07/08/2021 14:58:20,1628359100,-45.24,56146,171
07/08/2021 14:58:50,1628359130,-45.18,56083,171
07/08/2021 14:59:20,1628359160,-45.18,56083,173
07/08/2021 14:59:50,1628359190,-45.18,56132,173
07/08/2021 15:00:20,1628359220,-45.18,56055,174
07/08/2021 15:00:50,1628359250,-44.9,56020,181
07/08/2021 15:01:20,1628359280,-45.12,56020,176
07/08/2021 15:01:50,1628359310,-45.24,56027,178
07/08/2021 15:02:20,1628359340,-45.24,56076,182
07/08/2021 15:02:50,1628359370,-45.45,56118,183
07/08/2021 15:03:20,1628359400,-45.21,56069,180
07/08/2021 15:03:50,1628359430,-45.09,56006,186
07/08/2021 15:04:20,1628359460,-45.24,56055,175
07/08/2021 15:04:50,1628359490,-45.24,56083,184
07/08/2021 15:05:20,1628359520,-45.27,56055,184
07/08/2021 15:05:50,1628359550,-45.21,56034,185
07/08/2021 15:06:20,1628359580,-45.21,56103,187
07/08/2021 15:06:50,1628359610,-45.24,56041,85
07/08/2021 15:07:20,1628359640,-44.9,55928,85
07/08/2021 15:07:51,1628359671,-45.33,56090,85
07/08/2021 15:08:20,1628359700,-45.24,56076,189
07/08/2021 15:08:51,1628359731,-45,56006,87
07/08/2021 15:09:21,1628359761,-45.51,56047,88
07/08/2021 15:09:50,1628359790,-45.03,56069,198
07/08/2021 15:10:21,1628359821,-45.48,56118,89
07/08/2021 15:10:51,1628359851,-45.15,56055,90
07/08/2021 15:11:21,1628359881,-45.27,56083,89
07/08/2021 15:11:51,1628359911,-45.3,56097,89
07/08/2021 15:12:21,1628359941,-45.18,56041,192
07/08/2021 15:12:51,1628359971,-45.27,56041,91
07/08/2021 15:13:21,1628360001,-45.09,56047,92
07/08/2021 15:13:51,1628360031,-45.03,55991,97
07/08/2021 15:14:21,1628360061,-45.18,56062,97
07/08/2021 15:14:51,1628360091,-45.24,56062,200
07/08/2021 15:15:21,1628360121,-45.33,56097,101
07/08/2021 15:15:51,1628360151,-45.45,56139,98
07/08/2021 15:16:21,1628360181,-45.33,56090,96
07/08/2021 15:16:51,1628360211,-45.06,56020,75
07/08/2021 15:17:21,1628360241,-45.3,56027,102
07/08/2021 15:17:51,1628360271,-45.12,55978,99
07/08/2021 15:18:21,1628360301,-45.33,56069,100
07/08/2021 15:18:51,1628360331,-45.18,56047,103
07/08/2021 15:19:21,1628360361,-45.24,56027,105
07/08/2021 15:19:51,1628360391,-45.12,55991,104
07/08/2021 15:20:21,1628360421,-45.48,56083,106
07/08/2021 15:20:51,1628360451,-45.58,56111,103
07/08/2021 15:21:21,1628360481,-45.39,56027,109
07/08/2021 15:21:51,1628360511,-45.33,56055,104
07/08/2021 15:22:21,1628360541,-45.42,56062,108
07/08/2021 15:22:51,1628360571,-45.27,56034,104
07/08/2021 15:23:21,1628360601,-45.15,56055,108
07/08/2021 15:23:51,1628360631,-45.24,56055,106
07/08/2021 15:24:21,1628360661,-45.24,56055,108
07/08/2021 15:24:51,1628360691,-45.39,55991,104
07/08/2021 15:25:21,1628360721,-45.21,56055,211
07/08/2021 15:25:51,1628360751,-45.36,56069,110
07/08/2021 15:26:21,1628360781,-45.42,56153,220
07/08/2021 15:26:51,1628360811,-45.21,56055,105
07/08/2021 15:27:21,1628360841,-45.33,56083,112
07/08/2021 15:27:51,1628360871,-45.67,56159,107
07/08/2021 15:28:21,1628360901,-45.51,56090,115
07/08/2021 15:28:51,1628360931,-45.42,56062,109
07/08/2021 15:29:21,1628360961,-45.51,56111,114
07/08/2021 15:29:51,1628360991,-45.42,56090,113
07/08/2021 15:30:21,1628361021,-45.33,56041,157
07/08/2021 15:30:51,1628361051,-45.45,56146,161
07/08/2021 15:31:21,1628361081,-45.51,56139,221
07/08/2021 15:31:51,1628361111,-45.39,56069,253
07/08/2021 15:32:21,1628361141,-45.39,56125,1103
07/08/2021 15:32:51,1628361171,-45.64,56125,115
07/08/2021 15:33:21,1628361201,-45.64,56167,119
07/08/2021 15:33:51,1628361231,-45.42,56076,116
07/08/2021 15:34:21,1628361261,-45.42,56111,120
07/08/2021 15:34:51,1628361291,-45.48,56125,117
07/08/2021 15:35:21,1628361321,-45.51,56159,119
07/08/2021 15:35:51,1628361351,-45.45,56111,115
07/08/2021 15:36:21,1628361381,-45.55,56251,132
07/08/2021 15:36:51,1628361411,-45.42,56118,119
07/08/2021 15:37:21,1628361441,-45.42,56097,124
07/08/2021 15:37:51,1628361471,-45.61,56181,121
07/08/2021 15:38:21,1628361501,-45.58,56111,122
07/08/2021 15:38:51,1628361531,-45.3,56076,123
07/08/2021 15:39:21,1628361561,-45.55,56132,125
07/08/2021 15:39:51,1628361591,-45.51,56111,131
07/08/2021 15:40:21,1628361621,-45.55,56215,129
07/08/2021 15:40:51,1628361651,-45.51,56181,127
07/08/2021 15:41:21,1628361681,-45.45,56069,131
07/08/2021 15:41:51,1628361711,-45.73,56174,128
07/08/2021 15:42:21,1628361741,-45.48,56083,129
07/08/2021 15:42:51,1628361771,-45.61,56153,134
07/08/2021 15:43:21,1628361801,-45.61,56118,130
07/08/2021 15:43:51,1628361831,-45.51,56195,130
07/08/2021 15:44:21,1628361861,-45.55,56118,500
07/08/2021 15:44:51,1628361891,-45.7,56230,132
07/08/2021 15:45:21,1628361921,-45.82,56251,131
07/08/2021 15:45:51,1628361951,-45.61,56132,132
07/08/2021 15:46:21,1628361981,-45.79,56188,132
07/08/2021 15:46:51,1628362011,-45.64,56167,147
07/08/2021 15:47:21,1628362041,-45.51,56118,137
07/08/2021 15:47:51,1628362071,-45.7,56237,138
07/08/2021 15:48:21,1628362101,-45.7,56132,137
07/08/2021 15:48:51,1628362131,-45.73,56181,149
07/08/2021 15:49:21,1628362161,-45.85,56244,138
07/08/2021 15:49:51,1628362191,-45.85,56215,139
07/08/2021 15:50:21,1628362221,-45.79,56244,138
07/08/2021 15:50:51,1628362251,-45.51,56076,139
07/08/2021 15:51:21,1628362281,-45.76,56146,140
07/08/2021 15:51:51,1628362311,-45.91,56258,140
07/08/2021 15:52:21,1628362341,-45.7,56237,140
07/08/2021 15:52:51,1628362371,-46,56230,141
07/08/2021 15:53:21,1628362401,-45.7,56076,141
07/08/2021 15:53:51,1628362431,-45.94,56209,142
07/08/2021 15:54:21,1628362461,-45.67,56215,88
07/08/2021 15:54:51,1628362491,-45.79,56159,148
07/08/2021 15:55:21,1628362521,-45.82,56167,153
07/08/2021 15:55:51,1628362551,-45.85,56215,149
07/08/2021 15:56:21,1628362581,-45.76,56167,147
07/08/2021 15:56:51,1628362611,-45.79,56244,148
07/08/2021 15:57:21,1628362641,-45.79,56230,87
07/08/2021 15:57:51,1628362671,-45.79,56181,149
07/08/2021 15:58:21,1628362701,-45.64,56159,149
07/08/2021 15:58:51,1628362731,-45.67,56132,150
07/08/2021 15:59:21,1628362761,-46.06,56272,308
07/08/2021 15:59:51,1628362791,-45.85,56237,152
07/08/2021 16:00:21,1628362821,-45.67,56167,184
07/08/2021 16:00:51,1628362851,-45.76,56209,156
07/08/2021 16:01:21,1628362881,-45.85,56209,206
07/08/2021 16:01:51,1628362911,-45.7,56132,156
07/08/2021 16:02:21,1628362941,-46.09,56293,157
07/08/2021 16:02:51,1628362971,-45.7,56132,158
07/08/2021 16:03:21,1628363001,-46,56174,159
07/08/2021 16:03:51,1628363031,-45.73,56103,160
07/08/2021 16:04:21,1628363061,-45.97,56279,161
07/08/2021 16:04:51,1628363091,-45.82,56167,162
07/08/2021 16:05:21,1628363121,-45.7,56111,164
07/08/2021 16:05:51,1628363151,-45.48,56111,120
07/08/2021 16:06:21,1628363181,-46.16,56405,166
07/08/2021 16:06:51,1628363211,-46.19,56279,167
07/08/2021 16:07:21,1628363241,-45.88,56188,166
07/08/2021 16:07:51,1628363271,-45.82,56076,167
07/08/2021 16:08:21,1628363301,-45.7,56090,169
07/08/2021 16:08:51,1628363331,-45.55,56090,169
07/08/2021 16:09:21,1628363361,-45.85,56209,171
07/08/2021 16:09:51,1628363391,-45.7,56181,170
07/08/2021 16:10:21,1628363421,-45.7,56090,172
07/08/2021 16:10:51,1628363451,-45.58,56090,171
07/08/2021 16:11:21,1628363481,-45.7,56111,172
07/08/2021 16:11:51,1628363511,-46.09,56272,174
07/08/2021 16:12:21,1628363541,-45.61,56230,173
07/08/2021 16:12:51,1628363571,-45.91,56209,174
07/08/2021 16:13:21,1628363601,-45.73,56159,175
07/08/2021 16:13:51,1628363631,-45.82,56125,174
07/08/2021 16:14:21,1628363661,-45.82,56181,75
07/08/2021 16:14:51,1628363691,-45.73,56159,174
07/08/2021 16:15:21,1628363721,-45.94,56237,175
07/08/2021 16:15:51,1628363751,-45.76,56215,177
07/08/2021 16:16:21,1628363781,-45.91,56139,75
07/08/2021 16:16:51,1628363811,-45.85,56215,76
07/08/2021 16:17:21,1628363841,-45.73,56167,176
07/08/2021 16:17:51,1628363871,-45.64,56097,177
07/08/2021 16:18:21,1628363901,-45.67,56103,177
07/08/2021 16:18:51,1628363931,-45.85,56159,78
07/08/2021 16:19:21,1628363961,-45.73,56103,77
07/08/2021 16:19:51,1628363991,-45.45,56103,79
07/08/2021 16:20:21,1628364021,-45.7,56125,98
07/08/2021 16:20:51,1628364051,-46.03,56181,181
07/08/2021 16:21:21,1628364081,-45.94,56209,182
07/08/2021 16:21:51,1628364111,-45.61,56047,181
07/08/2021 16:22:21,1628364141,-45.76,56153,183
07/08/2021 16:22:51,1628364171,-45.73,56069,183
07/08/2021 16:23:21,1628364201,-45.67,56083,196
07/08/2021 16:23:51,1628364231,-45.7,56111,93
07/08/2021 16:24:21,1628364261,-45.88,56139,134
07/08/2021 16:24:51,1628364291,-45.76,56139,84
07/08/2021 16:25:21,1628364321,-45.76,56146,184
07/08/2021 16:25:51,1628364351,-45.67,56132,1309
07/08/2021 16:26:21,1628364381,-45.76,56146,185
07/08/2021 16:26:51,1628364411,-45.61,56139,185
07/08/2021 16:27:21,1628364441,-45.7,56103,84
07/08/2021 16:27:51,1628364471,-45.64,56097,85
07/08/2021 16:28:21,1628364501,-45.85,56132,188
07/08/2021 16:28:51,1628364531,-45.61,56076,3142
07/08/2021 16:29:21,1628364561,-45.82,56159,86
07/08/2021 16:29:51,1628364591,-45.7,56139,190
07/08/2021 16:30:21,1628364621,-45.85,56153,90
07/08/2021 16:30:51,1628364651,-45.73,56132,89
07/08/2021 16:31:21,1628364681,-45.67,56055,90
07/08/2021 16:31:51,1628364711,-45.82,56159,2988
07/08/2021 16:32:21,1628364741,-45.85,56223,23859
07/08/2021 16:32:51,1628364771,-45.79,56118,91
07/08/2021 16:33:21,1628364801,-45.76,56188,500
07/08/2021 16:33:51,1628364831,-45.79,56181,91
07/08/2021 16:34:21,1628364861,-45.73,56103,95
07/08/2021 16:34:51,1628364891,-45.61,56083,96
07/08/2021 16:35:21,1628364921,-45.73,56167,97
07/08/2021 16:35:51,1628364951,-45.94,56215,77
07/08/2021 16:36:21,1628364981,-45.64,56083,96
07/08/2021 16:36:51,1628365011,-45.7,56076,96
07/08/2021 16:37:21,1628365041,-45.61,56118,95
07/08/2021 16:37:51,1628365071,-45.51,56069,197
07/08/2021 16:38:21,1628365101,-45.76,56188,96
07/08/2021 16:38:51,1628365131,-45.58,56125,97
07/08/2021 16:39:21,1628365161,-45.55,56103,102
07/08/2021 16:39:51,1628365191,-45.88,56188,99
07/08/2021 16:40:21,1628365221,-45.51,56097,98
07/08/2021 16:40:51,1628365251,-45.67,56111,99
07/08/2021 16:41:21,1628365281,-45.85,56265,107
07/08/2021 16:41:51,1628365311,-45.67,56076,75
07/08/2021 16:42:21,1628365341,-45.76,56125,1264
07/08/2021 16:42:51,1628365371,-45.48,56027,1115
07/08/2021 16:43:21,1628365401,-45.76,56174,100
07/08/2021 16:43:51,1628365431,-45.64,56118,101
07/08/2021 16:44:21,1628365461,-45.51,56069,102
07/08/2021 16:44:51,1628365491,-45.67,56097,84
07/08/2021 16:45:21,1628365521,-45.67,56118,104
07/08/2021 16:45:51,1628365551,-45.7,56118,207
07/08/2021 16:46:21,1628365581,-45.76,56146,105
07/08/2021 16:46:51,1628365611,-45.64,56159,109
07/08/2021 16:47:21,1628365641,-45.79,56230,107
07/08/2021 16:47:51,1628365671,-45.45,56097,106
07/08/2021 16:48:21,1628365701,-45.67,56174,108
07/08/2021 16:48:51,1628365731,-45.61,56181,109
07/08/2021 16:49:21,1628365761,-45.82,56244,108
07/08/2021 16:49:51,1628365791,-45.67,56146,189
07/08/2021 16:50:21,1628365821,-45.48,56027,109
07/08/2021 16:50:51,1628365851,-45.64,56103,173
07/08/2021 16:51:21,1628365881,-45.55,56118,213
07/08/2021 16:51:51,1628365911,-45.97,56223,165
07/08/2021 16:52:21,1628365941,-45.85,56125,111
07/08/2021 16:52:51,1628365971,-45.79,56188,75
07/08/2021 16:53:21,1628366001,-45.67,56146,133
07/08/2021 16:53:51,1628366031,-45.76,56195,76
07/08/2021 16:54:21,1628366061,-45.67,56146,217
07/08/2021 16:54:51,1628366091,-45.82,56146,116
07/08/2021 16:55:21,1628366121,-45.55,56069,115
07/08/2021 16:55:51,1628366151,-45.76,56159,119
07/08/2021 16:56:21,1628366181,-45.7,56139,130
07/08/2021 16:56:51,1628366211,-45.7,56118,121
07/08/2021 16:57:21,1628366241,-45.79,56125,117
07/08/2021 16:57:51,1628366271,-45.85,56215,119
07/08/2021 16:58:21,1628366301,-45.67,56047,131
07/08/2021 16:58:51,1628366331,-45.55,56062,112
07/08/2021 16:59:21,1628366361,-45.67,56159,121
07/08/2021 16:59:51,1628366391,-45.79,56230,90
07/08/2021 17:00:21,1628366421,-45.79,56159,102
07/08/2021 17:00:51,1628366451,-45.51,56083,99
07/08/2021 17:01:21,1628366481,-45.82,56132,111
07/08/2021 17:01:51,1628366511,-45.7,56159,95
07/08/2021 17:02:21,1628366541,-45.88,56237,101
07/08/2021 17:02:51,1628366571,-45.82,56132,90
07/08/2021 17:03:21,1628366601,-45.79,56159,138
07/08/2021 17:03:51,1628366631,-45.82,56132,77
07/08/2021 17:04:21,1628366661,-45.82,56146,129
07/08/2021 17:04:51,1628366691,-45.7,56125,130
07/08/2021 17:05:21,1628366721,-45.76,56159,130
07/08/2021 17:05:51,1628366751,-45.85,56209,131
07/08/2021 17:06:21,1628366781,-45.64,56146,132
07/08/2021 17:06:51,1628366811,-45.55,56103,78
07/08/2021 17:07:21,1628366841,-45.67,56083,134
07/08/2021 17:07:51,1628366871,-45.76,56202,134
07/08/2021 17:08:21,1628366901,-45.79,56202,135
07/08/2021 17:08:51,1628366931,-45.7,56139,136
07/08/2021 17:09:21,1628366961,-45.85,56202,240
07/08/2021 17:09:51,1628366991,-45.7,56215,138
07/08/2021 17:10:21,1628367021,-45.7,56083,139
07/08/2021 17:10:51,1628367051,-45.73,56195,75
07/08/2021 17:11:21,1628367081,-45.64,56139,114
07/08/2021 17:11:51,1628367111,-45.91,56258,142
07/08/2021 17:12:21,1628367141,-45.73,56195,244
07/08/2021 17:12:51,1628367171,-45.64,56132,141
07/08/2021 17:13:21,1628367201,-45.67,56181,142
07/08/2021 17:13:51,1628367231,-45.67,56159,350
07/08/2021 17:14:21,1628367261,-45.76,56202,144
07/08/2021 17:14:51,1628367291,-45.7,56146,144
07/08/2021 17:15:21,1628367321,-45.7,56272,145
07/08/2021 17:15:51,1628367351,-45.55,56132,146
07/08/2021 17:16:21,1628367381,-45.61,56202,147
07/08/2021 17:16:51,1628367411,-45.64,56167,147
07/08/2021 17:17:21,1628367441,-45.64,56223,75
07/08/2021 17:17:51,1628367471,-45.73,56174,149
07/08/2021 17:18:21,1628367501,-45.55,56103,149
07/08/2021 17:18:51,1628367531,-45.61,56215,150
07/08/2021 17:19:21,1628367561,-45.61,56181,74
07/08/2021 17:19:51,1628367591,-45.76,56286,151
07/08/2021 17:20:21,1628367621,-45.73,56223,152
07/08/2021 17:20:51,1628367651,-45.58,56159,258
07/08/2021 17:21:21,1628367681,-45.48,56125,175
07/08/2021 17:21:51,1628367711,-45.58,56125,154
07/08/2021 17:22:21,1628367741,-45.58,56181,156
07/08/2021 17:22:51,1628367771,-45.58,56146,154
07/08/2021 17:23:21,1628367801,-45.42,56090,154
07/08/2021 17:23:51,1628367831,-45.58,56083,77
07/08/2021 17:24:21,1628367861,-45.67,56181,157
07/08/2021 17:24:51,1628367891,-45.79,56286,157
07/08/2021 17:25:21,1628367921,-45.64,56159,158
07/08/2021 17:26:21,1628367981,-45.45,56139,74
07/08/2021 17:26:51,1628368011,-45.7,56195,1103
07/08/2021 17:27:21,1628368041,-45.76,56279,169
07/08/2021 17:27:51,1628368071,-45.55,56181,77
07/08/2021 17:28:21,1628368101,-45.73,56279,161
07/08/2021 17:28:51,1628368131,-45.64,56159,82
07/08/2021 17:29:21,1628368161,-45.58,56181,171
07/08/2021 17:29:51,1628368191,-45.67,56139,134
07/08/2021 17:30:21,1628368221,-45.45,56041,76
07/08/2021 17:30:51,1628368251,-45.45,56076,84
07/08/2021 17:31:21,1628368281,-45.55,56181,1198
07/08/2021 17:31:51,1628368311,-45.42,56083,131
07/08/2021 17:32:21,1628368341,-45.73,56230,167
07/08/2021 17:32:51,1628368371,-45.82,56293,167
07/08/2021 17:33:21,1628368401,-45.45,56202,167
07/08/2021 17:33:51,1628368431,-45.64,56132,167
07/08/2021 17:34:21,1628368461,-45.58,56223,84
07/08/2021 17:34:51,1628368491,-45.48,56146,82
07/08/2021 17:35:21,1628368521,-45.85,56342,81
07/08/2021 17:35:51,1628368551,-45.48,56174,170
07/08/2021 17:36:21,1628368581,-45.7,56272,83
07/08/2021 17:36:51,1628368611,-45.58,56215,155
07/08/2021 17:37:21,1628368641,-45.48,56125,171
07/08/2021 17:37:51,1628368671,-45.61,56188,172
07/08/2021 17:38:21,1628368701,-45.48,56209,172
07/08/2021 17:38:51,1628368731,-45.64,56146,97
07/08/2021 17:39:21,1628368761,-45.48,56146,174
07/08/2021 17:39:51,1628368791,-45.45,56159,182
07/08/2021 17:40:21,1628368821,-45.48,56202,102
07/08/2021 17:40:51,1628368851,-45.48,56202,173
07/08/2021 17:41:21,1628368881,-45.82,56265,174
07/08/2021 17:41:51,1628368911,-45.48,56195,176
07/08/2021 17:42:21,1628368941,-45.42,56237,175
07/08/2021 17:42:51,1628368971,-45.48,56215,380
07/08/2021 17:43:21,1628369001,-45.58,56146,81
07/08/2021 17:43:51,1628369031,-45.7,56237,78
07/08/2021 17:44:21,1628369061,-45.58,56230,178
07/08/2021 17:44:51,1628369091,-45.61,56202,182
07/08/2021 17:45:21,1628369121,-45.58,56139,178
07/08/2021 17:45:51,1628369151,-45.45,56139,83
07/08/2021 17:46:21,1628369181,-45.51,56202,183
07/08/2021 17:46:51,1628369211,-45.42,56181,85
07/08/2021 17:47:21,1628369241,-45.55,56188,187
07/08/2021 17:47:51,1628369271,-45.76,56215,82
07/08/2021 17:48:21,1628369301,-45.64,56209,185
07/08/2021 17:48:51,1628369331,-45.36,56083,83
07/08/2021 17:49:21,1628369361,-45.48,56202,191
07/08/2021 17:49:51,1628369391,-45.36,56132,188
07/08/2021 17:50:21,1628369421,-45.45,56167,189
07/08/2021 17:50:51,1628369451,-45.48,56215,190
07/08/2021 17:51:21,1628369481,-45.58,56202,88
07/08/2021 17:51:51,1628369511,-45.61,56286,89
07/08/2021 17:52:22,1628369542,-45.33,56188,90
07/08/2021 17:52:51,1628369571,-45.61,56237,4097
07/08/2021 17:53:21,1628369601,-45.39,56209,74
07/08/2021 17:53:51,1628369631,-45.64,56272,6139
07/08/2021 17:54:21,1628369661,-45.64,56265,2350
07/08/2021 17:54:51,1628369691,-45.36,56159,100
07/08/2021 17:55:21,1628369721,-45.36,56188,199
07/08/2021 17:55:52,1628369752,-45.58,56251,401
07/08/2021 17:56:21,1628369781,-45.45,56159,79
07/08/2021 17:56:51,1628369811,-45.58,56307,101
07/08/2021 17:57:22,1628369842,-45.3,56139,1124
07/08/2021 17:57:55,1628369875,-45.48,56181,476
07/08/2021 17:58:21,1628369901,-45.33,56167,102
07/08/2021 17:58:52,1628369932,-45.39,56125,83
07/08/2021 17:59:22,1628369962,-45.33,56125,99
07/08/2021 17:59:52,1628369992,-45.7,56286,75
07/08/2021 18:00:21,1628370021,-45.39,56195,101
07/08/2021 18:00:51,1628370051,-45.39,56209,101
07/08/2021 18:01:22,1628370082,-45.36,56111,79
07/08/2021 18:01:52,1628370112,-45.51,56237,410
07/08/2021 18:02:22,1628370142,-45.45,56209,146
07/08/2021 18:02:52,1628370172,-45.27,56083,111
07/08/2021 18:03:21,1628370201,-45.24,56174,5740
07/08/2021 18:03:52,1628370232,-45.33,56188,82
07/08/2021 18:04:22,1628370262,-45.39,56202,211
07/08/2021 18:04:52,1628370292,-45.39,56202,80
07/08/2021 18:05:22,1628370322,-45.51,56209,3901
07/08/2021 18:05:52,1628370352,-45.21,56159,120
07/08/2021 18:06:22,1628370382,-45.7,56335,124
07/08/2021 18:06:52,1628370412,-45.55,56286,212
07/08/2021 18:07:22,1628370442,-45.45,56237,2974
07/08/2021 18:07:52,1628370472,-45.73,56300,79
07/08/2021 18:08:22,1628370502,-45.48,56223,78
07/08/2021 18:08:52,1628370532,-45.61,56272,410
07/08/2021 18:09:22,1628370562,-45.39,56146,80
07/08/2021 18:09:52,1628370592,-45.24,56167,109
07/08/2021 18:10:22,1628370622,-45.39,56223,8278
07/08/2021 18:10:52,1628370652,-45.3,56167,212
07/08/2021 18:11:22,1628370682,-45.27,56125,218
07/08/2021 18:11:52,1628370712,-45.48,56209,2266
07/08/2021 18:12:22,1628370742,-45.51,56258,150
07/08/2021 18:12:52,1628370772,-45.61,56321,224
07/08/2021 18:13:22,1628370802,-45.48,56202,123
07/08/2021 18:13:52,1628370832,-45.48,56251,522
07/08/2021 18:14:22,1628370862,-45.33,56188,106
07/08/2021 18:14:52,1628370892,-45.36,56132,222
07/08/2021 18:15:22,1628370922,-45.61,56307,76
07/08/2021 18:15:52,1628370952,-45.39,56215,75
07/08/2021 18:16:22,1628370982,-45.3,56265,2819
07/08/2021 18:16:52,1628371012,-44.84,55999,13746
07/08/2021 18:17:22,1628371042,-45.45,56223,227
07/08/2021 18:17:52,1628371072,-45.64,56363,11482
07/08/2021 18:18:22,1628371102,-45.55,56307,323
07/08/2021 18:18:52,1628371132,-45.39,56209,5757
07/08/2021 18:19:22,1628371162,-45.76,56307,1351
07/08/2021 18:19:52,1628371192,-45.61,56279,76
07/08/2021 18:20:22,1628371222,-45.39,56188,118
07/08/2021 18:20:52,1628371252,-45.51,56244,117
07/08/2021 18:21:22,1628371282,-45.58,56251,120
07/08/2021 18:21:52,1628371312,-45.64,56258,119
07/08/2021 18:22:22,1628371342,-45.45,56244,121
07/08/2021 18:22:52,1628371372,-30.47,58366,223
07/08/2021 18:23:22,1628371402,-30.62,58338,122
07/08/2021 18:23:52,1628371432,-27.72,58758,123
07/08/2021 18:24:22,1628371462,-26.59,58786,125
07/08/2021 18:24:52,1628371492,-31.54,58177,232
07/08/2021 18:25:22,1628371522,-32.21,58667,237
07/08/2021 18:25:55,1628371555,-38.95,57302,106
07/08/2021 18:26:22,1628371582,-32.7,58583,134
07/08/2021 18:26:52,1628371612,-29.65,58513,242
07/08/2021 18:27:22,1628371642,-31.78,58114,126
07/08/2021 18:27:52,1628371672,-28.39,58779,129
07/08/2021 18:28:22,1628371702,-27.75,58898,104
07/08/2021 18:28:52,1628371732,-32.21,58107,87
07/08/2021 18:29:22,1628371762,-28.27,58808,145
07/08/2021 18:29:52,1628371792,-38.8,57540,333
07/08/2021 18:30:22,1628371822,-33.64,58366,133
07/08/2021 18:30:52,1628371852,-32.21,58127,74
07/08/2021 18:31:22,1628371882,-36.48,57932,131
07/08/2021 18:31:52,1628371912,-31.05,58380,89
07/08/2021 18:32:22,1628371942,-35.44,58107,139
07/08/2021 18:32:52,1628371972,-37,57735,334
07/08/2021 18:33:22,1628372002,-35.99,58037,139
07/08/2021 18:33:52,1628372032,-32.73,58562,130
07/08/2021 18:34:22,1628372062,-35.93,57952,131
07/08/2021 18:34:52,1628372092,-27.88,58968,142
07/08/2021 18:35:22,1628372122,-27.05,59115,132
07/08/2021 18:35:52,1628372152,-26.9,59101,75
07/08/2021 18:36:22,1628372182,-32.51,58198,134
07/08/2021 18:36:52,1628372212,-32.3,58142,76
07/08/2021 18:37:22,1628372242,-29.52,58632,74
07/08/2021 18:37:52,1628372272,-35.05,57511,124
07/08/2021 18:38:22,1628372302,-28.12,59395,149
07/08/2021 18:38:52,1628372332,-30.9,58457,150
07/08/2021 18:39:22,1628372362,-26.38,59270,139
07/08/2021 18:39:52,1628372392,-32.91,58373,140
07/08/2021 18:40:22,1628372422,-32.51,58331,143
07/08/2021 18:40:52,1628372452,-34.89,57862,2809
07/08/2021 18:41:22,1628372482,-35.69,57911,147
07/08/2021 18:41:52,1628372512,-33.55,58261,76
07/08/2021 18:42:22,1628372542,-25.8,59445,143
07/08/2021 18:42:52,1628372572,-26.38,59416,153
07/08/2021 18:43:22,1628372602,-33.34,58457,148
07/08/2021 18:43:52,1628372632,-35.96,57750,145
07/08/2021 18:44:22,1628372662,-30.53,58954,350
07/08/2021 18:44:52,1628372692,-25.01,59676,147
07/08/2021 18:45:22,1628372722,-29.98,58688,148
07/08/2021 18:45:52,1628372752,-27.48,59276,148
07/08/2021 18:46:22,1628372782,-33.7,58359,149
07/08/2021 18:46:52,1628372812,-24.76,59725,75
07/08/2021 18:47:22,1628372842,-31.57,58604,150
07/08/2021 18:47:52,1628372872,-34.99,58107,1295
07/08/2021 18:48:22,1628372902,-36.36,57833,359
07/08/2021 18:48:52,1628372932,-24.24,59969,152
07/08/2021 18:49:22,1628372962,-26.69,59480,153
07/08/2021 18:49:52,1628372992,-24.06,59984,79
07/08/2021 18:50:22,1628373022,-25.98,59648,75
07/08/2021 18:50:52,1628373052,-28.58,59178,156
07/08/2021 18:51:22,1628373082,-24,59998,75
07/08/2021 18:51:52,1628373112,-25.92,59732,154
07/08/2021 18:52:22,1628373142,-25.13,59794,480
07/08/2021 18:52:52,1628373172,-21.77,60383,75
07/08/2021 18:53:22,1628373202,-24.21,60005,75
07/08/2021 18:53:52,1628373232,-28.3,59192,157
07/08/2021 18:54:22,1628373262,-31.2,58786,121
07/08/2021 18:54:52,1628373292,-30.62,58940,158
07/08/2021 18:55:22,1628373322,-26.72,59584,161
07/08/2021 18:55:52,1628373352,-25.68,59774,76
07/08/2021 18:56:22,1628373382,-31.69,58765,163
07/08/2021 18:56:52,1628373412,-32.79,58478,164
07/08/2021 18:57:22,1628373442,-30.32,59024,163
07/08/2021 18:57:52,1628373472,-25.95,59872,370
07/08/2021 18:58:22,1628373502,-30.62,59073,3103
07/08/2021 18:58:52,1628373532,-25.86,59886,575
07/08/2021 18:59:22,1628373562,-33.25,58562,168
07/08/2021 18:59:52,1628373592,-29.34,59151,77
07/08/2021 19:00:22,1628373622,-31.75,58632,172
07/08/2021 19:00:52,1628373652,-22.23,60495,178
07/08/2021 19:01:22,1628373682,-23.51,60250,171
07/08/2021 19:01:52,1628373712,-36.54,57791,190
07/08/2021 19:02:22,1628373742,-37.43,57784,179
07/08/2021 19:02:52,1628373772,-28.36,59501,177
07/08/2021 19:03:22,1628373802,-34.56,58359,175
07/08/2021 19:03:52,1628373832,-25.83,59956,485
07/08/2021 19:04:22,1628373862,-19.67,61006,92
07/08/2021 19:04:52,1628373892,-18.2,61336,388
07/08/2021 19:05:22,1628373922,-31.81,58667,176
07/08/2021 19:05:52,1628373952,-19.36,61112,225
07/08/2021 19:06:22,1628373982,-21.68,60824,176
07/08/2021 19:06:52,1628374012,-34.56,58394,179
07/08/2021 19:07:22,1628374042,-24.73,59963,180
07/08/2021 19:07:52,1628374072,-19.36,61063,186
07/08/2021 19:08:22,1628374102,-22.84,60481,180
07/08/2021 19:08:52,1628374132,-35.05,57988,80
07/08/2021 19:09:22,1628374162,-34.86,58064,180
07/08/2021 19:09:52,1628374192,-39.69,57210,181
07/08/2021 19:10:22,1628374222,-29.16,59507,182
07/08/2021 19:10:52,1628374252,-25.59,59738,182
07/08/2021 19:11:22,1628374282,-37.06,57672,183
07/08/2021 19:11:52,1628374312,-34.68,58015,183
07/08/2021 19:12:22,1628374342,-28.67,59144,84
07/08/2021 19:12:52,1628374372,-26.84,59451,185
07/08/2021 19:13:22,1628374402,-28.61,59263,187
07/08/2021 19:13:52,1628374432,-35.47,58394,404
07/08/2021 19:14:22,1628374462,-29.34,59003,88
07/08/2021 19:14:52,1628374492,-38.16,57421,188
07/08/2021 19:15:22,1628374522,-28.76,59052,188
07/08/2021 19:15:52,1628374552,-28.7,59794,90
07/08/2021 19:16:22,1628374582,-33.43,58295,192
07/08/2021 19:16:52,1628374612,-35.75,57876,702
07/08/2021 19:17:22,1628374642,-26.53,59528,93
07/08/2021 19:17:52,1628374672,-29.52,58961,97
07/08/2021 19:18:22,1628374702,-37.24,59095,89
07/08/2021 19:18:52,1628374732,-31.87,58569,90
07/08/2021 19:19:22,1628374762,-35.6,57925,91
07/08/2021 19:19:52,1628374792,-36.51,59241,90
07/08/2021 19:20:22,1628374822,-35.72,57903,91
07/08/2021 19:20:52,1628374852,-36.21,57791,193
07/08/2021 19:21:22,1628374882,-42.65,58030,94
07/08/2021 19:21:52,1628374912,-32.7,58407,93
07/08/2021 19:22:22,1628374942,-32.61,58394,95
07/08/2021 19:22:52,1628374972,-31.75,60040,194
07/08/2021 19:23:22,1628375002,-45.21,57911,93
07/08/2021 19:23:52,1628375032,-21.86,60327,106
07/08/2021 19:24:22,1628375062,-35.72,57889,94
07/08/2021 19:24:52,1628375092,-33.49,58254,95
07/08/2021 19:25:22,1628375122,-23.08,60152,96
07/08/2021 19:25:52,1628375152,-37.49,57526,97
07/08/2021 19:26:22,1628375182,-30.9,58752,209
07/08/2021 19:26:52,1628375212,-36.85,57589,97
07/08/2021 19:27:22,1628375242,-24.24,59879,98
07/08/2021 19:27:52,1628375272,-45.7,58849,98
07/08/2021 19:28:22,1628375302,-35.87,57735,100
07/08/2021 19:28:52,1628375332,-20.83,60601,105
07/08/2021 19:29:22,1628375362,-40.05,57771,102
07/08/2021 19:29:52,1628375392,-48.38,57504,105
07/08/2021 19:30:22,1628375422,-63.49,57903,104
07/08/2021 19:30:52,1628375452,-44.17,59494,103
07/08/2021 19:31:22,1628375482,-56.32,57679,103
07/08/2021 19:31:52,1628375512,-59.92,57820,105
07/08/2021 19:32:22,1628375542,-48.48,59332,105
07/08/2021 19:32:52,1628375572,-51.65,60516,111
07/08/2021 19:33:22,1628375602,-62.82,58604,108
07/08/2021 19:33:52,1628375632,-66.54,57918,105
07/08/2021 19:34:22,1628375662,-37.58,62239,106
07/08/2021 19:34:52,1628375692,-50.89,59550,107
07/08/2021 19:35:22,1628375722,-45.82,59073,109
07/08/2021 19:35:52,1628375752,-45.39,60894,110
07/08/2021 19:36:22,1628375782,-28,59472,111
07/08/2021 19:36:52,1628375812,-28.12,59304,111
07/08/2021 19:37:22,1628375842,-36.51,57616,112
07/08/2021 19:37:52,1628375872,-35.29,63044,112
07/08/2021 19:38:22,1628375902,-28.21,59718,111
07/08/2021 19:38:52,1628375932,-29,59472,112
07/08/2021 19:39:22,1628375962,-33.19,58625,112
07/08/2021 19:39:52,1628375992,-34.41,58071,113
07/08/2021 19:40:22,1628376022,-25.92,59633,113
07/08/2021 19:40:52,1628376052,-25.8,59935,112
07/08/2021 19:41:22,1628376082,-27.91,59248,112
07/08/2021 19:41:52,1628376112,-53.66,60705,76
07/08/2021 19:42:22,1628376142,-30.47,59445,113
07/08/2021 19:42:52,1628376172,-22.05,60663,113
07/08/2021 19:43:22,1628376202,-37.58,57911,112
07/08/2021 19:43:56,1628376236,-16.49,61321,218
07/08/2021 19:44:22,1628376262,-18.42,61272,113
07/08/2021 19:44:52,1628376292,-25.25,60320,113
07/08/2021 19:45:22,1628376322,-42.52,63373,74
07/08/2021 19:45:52,1628376352,-28.79,59711,113
07/08/2021 19:46:22,1628376382,-30.1,59032,115
07/08/2021 19:46:52,1628376412,-48.05,62582,115
07/08/2021 19:47:22,1628376442,-41.82,64095,113
07/08/2021 19:47:52,1628376472,-39.53,64438,218
07/08/2021 19:48:22,1628376502,-57.02,61168,75
07/08/2021 19:48:52,1628376532,-55.28,61706,222
07/08/2021 19:49:22,1628376562,-34.32,58828,172
07/08/2021 19:49:52,1628376592,-31.39,58814,419
07/08/2021 19:50:22,1628376622,-57.23,61791,76
07/08/2021 19:50:52,1628376652,-51.31,63261,148
07/08/2021 19:51:22,1628376682,-33.03,58814,116
07/08/2021 19:51:52,1628376712,-35.23,58835,419
07/08/2021 19:52:22,1628376742,-61.99,61307,222
07/08/2021 19:52:52,1628376772,-4.32,63380,138
07/08/2021 19:53:22,1628376802,-9.32,62365,152
07/08/2021 19:53:52,1628376832,-31.75,58548,525
07/08/2021 19:54:22,1628376862,-11.4,62112,75
07/08/2021 19:54:52,1628376892,-29.95,58772,426
07/08/2021 19:55:22,1628376922,-24,59816,75
07/08/2021 19:55:52,1628376952,-41.3,695,228
07/08/2021 19:56:22,1628376982,-22.17,60187,137
07/08/2021 19:56:52,1628377012,-17.84,60944,97
07/08/2021 19:57:22,1628377042,-24.98,59676,105
07/08/2021 19:57:52,1628377072,-29.71,58758,333
07/08/2021 19:58:22,1628377102,-67.24,61643,128
07/08/2021 19:58:52,1628377132,-71.73,61048,110
07/08/2021 19:59:22,1628377162,-16.95,61063,124
07/08/2021 19:59:52,1628377192,-44.05,729,534
07/08/2021 20:00:22,1628377222,-14.57,61545,146
07/08/2021 20:00:52,1628377252,-7.22,62757,76
07/08/2021 20:01:22,1628377282,-53.6,65209,75
07/08/2021 20:01:53,1628377313,-14.91,61321,95
07/08/2021 20:02:22,1628377342,-73.99,61742,75
07/08/2021 20:02:52,1628377372,-3.52,63360,90
07/08/2021 20:03:22,1628377402,-58,65265,77
07/08/2021 20:03:52,1628377432,-14.81,61384,138
07/08/2021 20:04:22,1628377462,-8.19,62575,77
07/08/2021 20:04:52,1628377492,-18.14,60775,75
07/08/2021 20:05:22,1628377522,-10.24,62183,144
07/08/2021 20:05:52,1628377552,-60.99,64326,131
07/08/2021 20:06:22,1628377582,-9.2,62336,131
07/08/2021 20:06:52,1628377612,-74.93,61735,131
07/08/2021 20:07:22,1628377642,-15.61,61300,131
07/08/2021 20:07:52,1628377672,-16.46,61034,144
07/08/2021 20:08:22,1628377702,1.3,64193,122
07/08/2021 20:08:52,1628377732,-12.25,61812,153
07/08/2021 20:09:23,1628377763,-14.14,61545,139
07/08/2021 20:09:52,1628377792,-13.9,61567,151
07/08/2021 20:10:22,1628377822,-6.48,62834,135
07/08/2021 20:10:52,1628377852,-24.58,59577,135
07/08/2021 20:11:22,1628377882,-70.33,63752,442
07/08/2021 20:11:52,1628377912,-77.41,62295,138
07/08/2021 20:12:22,1628377942,2.15,64277,342
07/08/2021 20:12:52,1628377972,-66.05,65404,451
07/08/2021 20:13:22,1628378002,-19.94,60411,138
07/08/2021 20:13:52,1628378032,-27.11,59108,139
07/08/2021 20:14:22,1628378062,-23.6,59704,178
07/08/2021 20:14:52,1628378092,-3.13,63360,140
07/08/2021 20:15:22,1628378122,-60.8,1129,247
07/08/2021 20:15:52,1628378152,-16.43,61056,345
07/08/2021 20:16:22,1628378182,-24.27,59676,346
07/08/2021 20:16:52,1628378212,-73.19,64494,172
07/08/2021 20:17:22,1628378242,-84.36,62435,251
07/08/2021 20:17:52,1628378272,5.54,64508,144
07/08/2021 20:18:22,1628378302,-71.12,198,458
07/08/2021 20:18:52,1628378332,-79.42,65082,145
07/08/2021 20:19:22,1628378362,-64.01,1878,146
07/08/2021 20:19:52,1628378392,-23.88,59648,356
07/08/2021 20:20:22,1628378422,-81.07,64353,148
07/08/2021 20:20:52,1628378452,3.22,64403,171
07/08/2021 20:21:22,1628378482,20.28,1843,353
07/08/2021 20:21:52,1628378512,-9.02,62190,155
07/08/2021 20:22:22,1628378542,8.35,65404,356
07/08/2021 20:22:52,1628378572,-16.89,60832,154
07/08/2021 20:23:22,1628378602,3.37,64480,152
07/08/2021 20:23:52,1628378632,8.5,65496,156
07/08/2021 20:24:22,1628378662,-2.88,63457,169
07/08/2021 20:24:52,1628378692,-91.93,63080,169
07/08/2021 20:25:22,1628378722,-11.3,61881,155
07/08/2021 20:25:52,1628378752,-19.85,60348,163
07/08/2021 20:26:22,1628378782,-9.38,62148,179
07/08/2021 20:26:52,1628378812,-2.58,63423,159
07/08/2021 20:27:22,1628378842,-14.36,61370,156
07/08/2021 20:27:52,1628378872,-94.28,62939,78
07/08/2021 20:28:23,1628378903,-8.19,62484,364
07/08/2021 20:28:52,1628378932,-18.38,60530,161
07/08/2021 20:29:23,1628378963,6.55,65075,363
07/08/2021 20:29:52,1628378992,-103.74,62316,162
07/08/2021 20:30:22,1628379022,9.45,65516,160
07/08/2021 20:30:52,1628379052,-62.18,4364,104
07/08/2021 20:31:22,1628379082,-4.99,62946,163
07/08/2021 20:31:52,1628379112,-99.96,62925,88
07/08/2021 20:32:22,1628379142,2.28,64249,167
07/08/2021 20:32:52,1628379172,-85.31,198,74
07/08/2021 20:33:22,1628379202,-17.56,60670,79
07/08/2021 20:33:52,1628379232,-85.58,779,169
07/08/2021 20:34:22,1628379262,12.8,666,94
07/08/2021 20:34:52,1628379292,-19.73,60397,152
07/08/2021 20:35:22,1628379322,-21.77,60012,77
07/08/2021 20:35:52,1628379352,1.79,64088,183
07/08/2021 20:36:22,1628379382,-10.54,62056,181
07/08/2021 20:36:53,1628379413,-18.75,60509,490
07/08/2021 20:37:22,1628379442,23.09,2495,175
07/08/2021 20:37:52,1628379472,-14.39,61343,188
07/08/2021 20:38:22,1628379502,-13.07,61538,76
07/08/2021 20:38:52,1628379532,-114.3,61511,189
07/08/2021 20:39:22,1628379562,16.07,1178,128
07/08/2021 20:39:52,1628379592,-106.92,63457,79
07/08/2021 20:40:22,1628379622,-11.4,61832,180
07/08/2021 20:40:52,1628379652,3.16,64389,86
07/08/2021 20:41:22,1628379682,-117.9,61952,77
07/08/2021 20:41:52,1628379712,-98.77,807,185
07/08/2021 20:42:22,1628379742,-86.32,3384,74
07/08/2021 20:42:52,1628379772,-96.33,1816,183
07/08/2021 20:43:22,1628379802,16.89,1451,79
07/08/2021 20:43:52,1628379832,-101.12,1003,74
07/08/2021 20:44:22,1628379862,-12.89,61594,184
07/08/2021 20:44:52,1628379892,2.4,64410,77
07/08/2021 20:45:22,1628379922,9.2,9,74
07/08/2021 20:45:53,1628379953,-10.05,61986,287
07/08/2021 20:46:22,1628379982,15.4,1038,83
07/08/2021 20:46:52,1628380012,-44.2,56503,190
07/08/2021 20:47:22,1628380042,-44.39,56622,185
07/08/2021 20:47:53,1628380073,-44.54,56678,77
07/08/2021 20:48:23,1628380103,-19.51,62168,76
07/08/2021 20:48:52,1628380132,-17.53,61188,202
07/08/2021 20:49:23,1628380163,-29.46,63808,86
07/08/2021 20:49:53,1628380193,-44.36,62176,86
07/08/2021 20:50:22,1628380222,-35.87,64627,187
07/08/2021 20:50:53,1628380253,-49.02,62876,84
07/08/2021 20:51:23,1628380283,3.95,65005,79
07/08/2021 20:51:52,1628380312,-52.08,63674,188
07/08/2021 20:52:23,1628380343,-50.49,64360,95
07/08/2021 20:52:53,1628380373,-75.36,60243,78
07/08/2021 20:53:23,1628380403,-60.74,63562,88
07/08/2021 20:53:53,1628380433,-71.52,63065,89
07/08/2021 20:54:22,1628380462,-20.86,60312,193
07/08/2021 20:54:53,1628380493,-83.51,61959,74
07/08/2021 20:55:23,1628380523,-14.48,61455,81
07/08/2021 20:55:53,1628380553,-62.06,835,90
07/08/2021 20:56:23,1628380583,-53.45,2600,90
07/08/2021 20:56:53,1628380613,-56.87,2712,398
07/08/2021 20:57:23,1628380643,-77.92,64564,93
07/08/2021 20:57:53,1628380673,-21.38,60306,89
07/08/2021 20:58:23,1628380703,-63.76,2614,75
07/08/2021 20:58:53,1628380733,-69.84,2138,76
07/08/2021 20:59:23,1628380763,12.16,491,75
07/08/2021 20:59:53,1628380793,17.72,1388,97
07/08/2021 21:00:23,1628380823,30.23,3629,79
07/08/2021 21:00:53,1628380853,-102,63486,97
07/08/2021 21:01:23,1628380883,-71.12,4476,97
07/08/2021 21:01:53,1628380913,-1.54,63156,98
07/08/2021 21:02:23,1628380943,-79.3,3602,74
07/08/2021 21:02:53,1628380973,-82.29,3699,78
07/08/2021 21:03:23,1628381003,-8.62,61874,98
07/08/2021 21:03:53,1628381033,27.06,2634,81
07/08/2021 21:04:23,1628381063,-124.71,62197,100
07/08/2021 21:04:53,1628381093,-104.26,191,75
07/08/2021 21:05:23,1628381123,-104.66,274,74
07/08/2021 21:05:53,1628381153,-39.87,64949,104
07/08/2021 21:06:23,1628381183,-89.19,61433,105
07/08/2021 21:06:53,1628381213,-98.83,1703,76
07/08/2021 21:07:23,1628381243,-65.38,7775,104
07/08/2021 21:07:53,1628381273,-76.55,5604,81
07/08/2021 21:08:23,1628381303,-95.87,1892,105
07/08/2021 21:08:53,1628381333,-111.19,64795,106
07/08/2021 21:09:23,1628381363,-116.22,63976,105
07/08/2021 21:09:53,1628381393,-82.65,4434,90
07/08/2021 21:10:23,1628381423,-103.71,65355,107
07/08/2021 21:10:53,1628381453,-110.55,63997,81
07/08/2021 21:11:23,1628381483,-66.48,7859,76
07/08/2021 21:11:53,1628381513,-63.4,64795,78
07/08/2021 21:12:23,1628381543,-45.91,63199,87
07/08/2021 21:12:53,1628381573,-72.16,6444,1400
07/08/2021 21:13:23,1628381603,-32.18,359,111
07/08/2021 21:13:53,1628381633,-69.01,7074,217
07/08/2021 21:14:23,1628381663,-51.65,61784,76
07/08/2021 21:14:53,1628381693,1.45,5184,316
07/08/2021 21:15:23,1628381723,-49.97,10801,111
07/08/2021 21:15:53,1628381753,-27.91,1220,225
07/08/2021 21:16:23,1628381783,-50.15,10940,112
07/08/2021 21:16:53,1628381813,15.52,1598,228
07/08/2021 21:17:23,1628381843,34.81,4953,114
07/08/2021 21:17:53,1628381873,-66.85,7691,116
07/08/2021 21:18:23,1628381903,4.23,65131,115
07/08/2021 21:18:53,1628381933,14.64,1479,115
07/08/2021 21:19:23,1628381963,-52.56,10317,116
07/08/2021 21:19:53,1628381993,-71.49,6662,119
07/08/2021 21:20:23,1628382023,-64.41,8049,120
07/08/2021 21:20:53,1628382053,35.26,5135,119
07/08/2021 21:21:23,1628382083,-76.67,5563,122
07/08/2021 21:21:53,1628382113,35.05,5191,222
07/08/2021 21:22:23,1628382143,22.75,2977,121
07/08/2021 21:22:53,1628382173,36.27,5339,225
07/08/2021 21:23:23,1628382203,-76.06,5751,123
07/08/2021 21:23:53,1628382233,-56.1,9659,124
07/08/2021 21:24:23,1628382263,-42.62,12300,124
07/08/2021 21:24:53,1628382293,-63.25,8168,124
07/08/2021 21:25:23,1628382323,-74.63,6137,128
07/08/2021 21:25:53,1628382353,26.99,3826,125
07/08/2021 21:26:23,1628382383,6,72,127
07/08/2021 21:26:53,1628382413,-64.8,8055,127
07/08/2021 21:27:23,1628382443,46.5,7383,128
07/08/2021 21:27:53,1628382473,54.16,8630,131
07/08/2021 21:28:23,1628382503,9.26,716,130
07/08/2021 21:28:53,1628382533,-57.97,9190,131
07/08/2021 21:29:23,1628382563,12.47,1354,131
07/08/2021 21:29:53,1628382593,-77.62,5247,132
07/08/2021 21:30:23,1628382623,68.07,11382,133
07/08/2021 21:30:53,1628382653,29.95,4526,136
07/08/2021 21:31:23,1628382683,13.96,1858,135
07/08/2021 21:31:53,1628382713,-72.34,6269,135
07/08/2021 21:32:23,1628382743,76.77,13721,136
07/08/2021 21:32:53,1628382773,-39.5,13000,137
07/08/2021 21:33:23,1628382803,50.55,8251,138
07/08/2021 21:33:53,1628382833,-63.73,8147,138
07/08/2021 21:34:23,1628382863,-3.58,64179,139
07/08/2021 21:34:53,1628382893,63.89,11949,141
07/08/2021 21:35:23,1628382923,-45.88,11684,1169
07/08/2021 21:35:53,1628382953,-45.36,11662,141
07/08/2021 21:36:23,1628382983,15.09,13637,142
07/08/2021 21:36:53,1628383013,52.14,9723,245
07/08/2021 21:37:23,1628383043,-62.45,8497,80
07/08/2021 21:37:53,1628383073,-88,3447,141
07/08/2021 21:38:23,1628383103,-49.91,10703,141
07/08/2021 21:38:53,1628383133,22.14,5191,245
07/08/2021 21:39:23,1628383163,28.73,15276,143
07/08/2021 21:39:53,1628383193,-25.16,15633,144
07/08/2021 21:40:23,1628383223,-53.63,10086,145
07/08/2021 21:40:53,1628383253,24.13,5989,145
07/08/2021 21:41:23,1628383283,6.52,3076,163
07/08/2021 21:41:53,1628383313,55.07,12209,147
07/08/2021 21:42:23,1628383343,-24.82,15766,147
07/08/2021 21:42:53,1628383373,-40.24,12628,146
07/08/2021 21:43:23,1628383403,-18.51,16956,147
07/08/2021 21:43:53,1628383433,-37.61,13147,148
07/08/2021 21:44:23,1628383463,-36.02,13532,149
07/08/2021 21:44:53,1628383493,-20.31,16593,150
07/08/2021 21:45:23,1628383523,-66.08,7677,151
07/08/2021 21:45:53,1628383553,41.09,11158,150
07/08/2021 21:46:23,1628383583,-61.6,8483,150
07/08/2021 21:46:53,1628383613,-29.62,14681,152
07/08/2021 21:47:23,1628383643,20.37,8020,74
07/08/2021 21:47:53,1628383673,-13.84,17762,154
07/08/2021 21:48:23,1628383703,13.72,7166,154
07/08/2021 21:48:53,1628383733,-45.7,11572,75
07/08/2021 21:49:23,1628383763,5.97,5899,84
07/08/2021 21:49:53,1628383793,-25.71,15437,153
07/08/2021 21:50:23,1628383823,-52.93,10129,76
07/08/2021 21:50:53,1628383853,-45.3,11859,155
07/08/2021 21:51:23,1628383883,-35.35,13567,156
07/08/2021 21:51:53,1628383913,-0.26,5954,162
07/08/2021 21:52:23,1628383943,-29.74,14757,158
07/08/2021 21:52:53,1628383973,-35.75,13616,160
07/08/2021 21:53:23,1628384003,-15.79,3447,160
07/08/2021 21:53:53,1628384033,-63.55,8244,367
07/08/2021 21:54:23,1628384063,-41.7,12341,162
07/08/2021 21:54:53,1628384093,-4.19,6144,164
07/08/2021 21:55:23,1628384123,8.44,8721,165
07/08/2021 21:55:53,1628384153,0.35,7397,167
07/08/2021 21:56:23,1628384183,-17.68,16999,167
07/08/2021 21:56:53,1628384213,-57.14,9309,169
07/08/2021 21:57:23,1628384243,18.97,11557,170
07/08/2021 21:57:53,1628384273,-4.1,7285,169
07/08/2021 21:58:23,1628384303,-14.66,17622,173
07/08/2021 21:58:53,1628384333,-5.17,7355,170
07/08/2021 21:59:23,1628384363,33.4,15024,170
07/08/2021 21:59:53,1628384393,-60.62,8755,170
07/08/2021 22:00:23,1628384423,33.59,15521,379
07/08/2021 22:00:53,1628384453,-46.64,11312,171
07/08/2021 22:01:23,1628384483,-10.24,18442,171
07/08/2021 22:01:53,1628384513,-23.18,16075,172
07/08/2021 22:02:23,1628384543,13.54,12664,173
07/08/2021 22:02:53,1628384573,7.31,11628,173
07/08/2021 22:03:23,1628384603,-33.92,13854,175
07/08/2021 22:03:53,1628384633,2.79,11347,117
07/08/2021 22:04:23,1628384663,-19.18,16774,383
07/08/2021 22:04:53,1628384693,-20.22,7250,176
07/08/2021 22:05:23,1628384723,-49.21,10787,177
07/08/2021 22:05:53,1628384753,-35.69,13518,176
07/08/2021 22:06:23,1628384783,-13.11,8882,180
07/08/2021 22:06:53,1628384813,-63.06,8111,179
07/08/2021 22:07:23,1628384843,-10.79,18385,179
07/08/2021 22:07:53,1628384873,28.4,17608,180
07/08/2021 22:08:23,1628384903,6.67,21887,180
07/08/2021 22:08:53,1628384933,-28.52,7089,182
07/08/2021 22:09:23,1628384963,7.8,14450,182
07/08/2021 22:09:53,1628384993,-30.87,14414,182
07/08/2021 22:10:23,1628385023,-1.6,20150,183
07/08/2021 22:10:53,1628385053,11.46,15745,186
07/08/2021 22:11:23,1628385083,-15.49,17363,185
07/08/2021 22:11:53,1628385113,17.9,17699,2708
07/08/2021 22:12:23,1628385143,14.94,17180,186
07/08/2021 22:12:53,1628385173,-16.83,17160,84
07/08/2021 22:13:23,1628385203,-13.41,12054,188
07/08/2021 22:13:53,1628385233,-34.83,7901,190
07/08/2021 22:14:23,1628385263,-41.06,12440,88
07/08/2021 22:14:53,1628385293,-61.26,8546,89
07/08/2021 22:15:23,1628385323,-25.65,15388,89
07/08/2021 22:15:53,1628385353,-31.93,14170,89
07/08/2021 22:16:23,1628385383,-33.74,9134,91
07/08/2021 22:16:53,1628385413,21.26,20024,90
07/08/2021 22:17:23,1628385443,-36.02,13413,91
07/08/2021 22:17:53,1628385473,-24.06,15619,92
07/08/2021 22:18:23,1628385503,-12.37,14092,94
07/08/2021 22:18:53,1628385533,-14.84,13665,94
07/08/2021 22:19:23,1628385563,25.26,21915,96
07/08/2021 22:19:53,1628385593,-7.37,18925,107
07/08/2021 22:20:23,1628385623,-32.7,14015,97
07/08/2021 22:20:53,1628385653,-40.94,12390,98
07/08/2021 22:21:23,1628385683,-13.62,15360,79
07/08/2021 22:21:53,1628385713,-18.45,14282,98
07/08/2021 22:22:23,1628385743,21.17,22364,98
07/08/2021 22:22:53,1628385773,2.49,18910,99
07/08/2021 22:23:23,1628385803,16.1,22153,203
07/08/2021 22:23:53,1628385833,-39.5,12538,101
07/08/2021 22:24:23,1628385863,-38.5,11865,79
07/08/2021 22:24:53,1628385893,-20.19,16137,103
07/08/2021 22:25:23,1628385923,-43.04,11900,102
07/08/2021 22:25:53,1628385953,-17.87,16859,105
07/08/2021 22:26:23,1628385983,18.18,24002,78
07/08/2021 22:26:53,1628386013,-11.49,18161,226
07/08/2021 22:27:23,1628386043,-37.43,12979,105
07/08/2021 22:27:53,1628386073,19.58,24310,105
07/08/2021 22:28:23,1628386103,-8.99,18504,122
07/08/2021 22:28:53,1628386133,-38.83,12881,105
07/08/2021 22:29:23,1628386163,22.54,24717,183
07/08/2021 22:29:53,1628386193,-44.75,11697,122
07/08/2021 22:30:23,1628386223,1.18,20598,171
07/08/2021 22:30:53,1628386253,23.76,25011,105
07/08/2021 22:31:23,1628386283,-23.6,15837,107
07/08/2021 22:31:53,1628386313,19.95,24135,106
07/08/2021 22:32:23,1628386343,10.58,22357,160
07/08/2021 22:32:53,1628386373,-4.41,19485,113
07/08/2021 22:33:23,1628386403,19.3,24065,75
07/08/2021 22:33:53,1628386433,23.42,24836,76
07/08/2021 22:34:23,1628386463,26.08,25522,111
07/08/2021 22:34:53,1628386493,21.23,24430,131
07/08/2021 22:35:23,1628386523,-30.47,14618,111
07/08/2021 22:35:53,1628386553,-29.83,14869,111
07/08/2021 22:36:23,1628386583,35.94,27266,111
07/08/2021 22:36:53,1628386613,18.18,24086,111
07/08/2021 22:37:23,1628386643,0.17,20640,112
07/08/2021 22:37:53,1628386673,6.94,21586,111
07/08/2021 22:38:23,1628386703,19.21,24058,82
07/08/2021 22:38:53,1628386733,-19.58,16662,110
07/08/2021 22:39:23,1628386763,6.43,21740,110
07/08/2021 22:39:53,1628386793,-6.18,19212,93
07/08/2021 22:40:23,1628386823,30.02,26096,104
07/08/2021 22:40:53,1628386853,-22.78,15997,110
07/08/2021 22:41:23,1628386883,-8.59,18785,115
07/08/2021 22:41:53,1628386913,-12.46,18000,111
07/08/2021 22:42:24,1628386944,-5.23,19450,93
07/08/2021 22:42:53,1628386973,1.63,20746,103
07/08/2021 22:43:24,1628387004,2.21,20613,87
07/08/2021 22:43:53,1628387033,16.25,23288,97
07/08/2021 22:44:23,1628387063,-25.59,15465,111
07/08/2021 22:44:53,1628387093,7.68,21754,73
07/08/2021 22:45:23,1628387123,-4.19,19352,76
07/08/2021 22:45:54,1628387154,32.09,26398,85
07/08/2021 22:46:23,1628387183,25.59,25109,218
07/08/2021 22:46:53,1628387213,-22.57,16165,78
07/08/2021 22:47:23,1628387243,-23.51,16053,223
07/08/2021 22:47:53,1628387273,-24.79,15801,122
07/08/2021 22:48:23,1628387303,6.67,21467,77
07/08/2021 22:48:53,1628387333,28.7,25683,75
07/08/2021 22:49:23,1628387363,-0.78,19997,117
07/08/2021 22:49:53,1628387393,-16.1,17356,77
07/08/2021 22:50:23,1628387423,-5.81,19422,121
07/08/2021 22:50:53,1628387453,-13.2,17986,124
07/08/2021 22:51:23,1628387483,8.75,21796,120
07/08/2021 22:51:53,1628387513,-11.21,18287,121
07/08/2021 22:52:23,1628387543,15.4,23414,128
07/08/2021 22:52:53,1628387573,-12.74,18014,127
07/08/2021 22:53:23,1628387603,-14.48,17643,124
07/08/2021 22:53:53,1628387633,-7.55,19002,229
07/08/2021 22:54:23,1628387663,-10.94,18316,122
07/08/2021 22:54:53,1628387693,0.78,20676,127
07/08/2021 22:55:23,1628387723,-16.83,17244,125
07/08/2021 22:55:53,1628387753,-0.78,20304,125
07/08/2021 22:56:23,1628387783,0.05,20465,123
07/08/2021 22:56:53,1628387813,7.37,21873,126
07/08/2021 22:57:23,1628387843,11.06,22167,127
07/08/2021 22:57:53,1628387873,-12.62,18029,1354
07/08/2021 22:58:23,1628387903,9.97,22413,126
07/08/2021 22:58:53,1628387933,-12.74,18021,229
07/08/2021 22:59:23,1628387963,-12.65,18029,126
07/08/2021 22:59:53,1628387993,14.6,22875,79
07/08/2021 23:00:23,1628388023,-7.86,18876,126
07/08/2021 23:00:53,1628388053,7.83,21950,131
07/08/2021 23:01:23,1628388083,8.29,22070,129
07/08/2021 23:01:53,1628388113,-7.52,19016,130
07/08/2021 23:02:23,1628388143,8.41,21635,130
07/08/2021 23:02:53,1628388173,24.55,25165,132
07/08/2021 23:03:23,1628388203,14.94,22938,132
07/08/2021 23:03:53,1628388233,-4.26,19598,442
07/08/2021 23:04:23,1628388263,22.63,24870,133
07/08/2021 23:04:53,1628388293,8.1,22006,135
07/08/2021 23:05:23,1628388323,11.37,22651,2976
07/08/2021 23:05:53,1628388353,30.96,25928,141
07/08/2021 23:06:23,1628388383,18.39,23526,369
07/08/2021 23:06:53,1628388413,23.3,24829,5154
07/08/2021 23:07:23,1628388443,18.72,23995,138
07/08/2021 23:07:53,1628388473,2.09,20795,2801
07/08/2021 23:08:23,1628388503,15.21,22888,1263
07/08/2021 23:08:54,1628388534,27.06,25186,342
07/08/2021 23:09:23,1628388563,17.23,23302,142
07/08/2021 23:09:53,1628388593,16.16,23526,1163
07/08/2021 23:10:23,1628388623,30.02,26167,345
07/08/2021 23:10:53,1628388653,26.35,25417,1264
07/08/2021 23:11:23,1628388683,22.91,24780,446
07/08/2021 23:11:53,1628388713,9.54,22216,144
07/08/2021 23:12:23,1628388743,19.52,24100,210
07/08/2021 23:12:53,1628388773,38.32,27322,142
07/08/2021 23:13:23,1628388803,22.54,24338,455
07/08/2021 23:13:53,1628388833,22.45,24751,144
07/08/2021 23:14:23,1628388863,28.73,25452,144
07/08/2021 23:14:53,1628388893,25.47,24899,145
07/08/2021 23:15:23,1628388923,42.13,27945,144
07/08/2021 23:15:53,1628388953,22.63,24625,145
07/08/2021 23:16:23,1628388983,21.2,24394,150
07/08/2021 23:16:53,1628389013,28.64,25417,149
07/08/2021 23:17:23,1628389043,25.99,24948,157
07/08/2021 23:17:53,1628389073,32.88,26559,1379
07/08/2021 23:18:23,1628389103,26.02,25326,454
07/08/2021 23:18:53,1628389133,28.09,25318,353
07/08/2021 23:19:23,1628389163,22.23,24590,163
07/08/2021 23:19:53,1628389193,33.89,26369,150
07/08/2021 23:20:23,1628389223,42.07,27952,150
07/08/2021 23:20:53,1628389253,25.26,25186,151
07/08/2021 23:21:23,1628389283,38.8,27279,162
07/08/2021 23:21:53,1628389313,34.04,26797,162
07/08/2021 23:22:23,1628389343,29.65,25956,157
07/08/2021 23:22:53,1628389373,41.34,27805,165
07/08/2021 23:23:23,1628389403,35.94,27189,461
07/08/2021 23:23:53,1628389433,39.35,27742,154
07/08/2021 23:24:23,1628389463,33.65,26727,358
07/08/2021 23:24:53,1628389493,39.84,27518,157
07/08/2021 23:25:23,1628389523,40.42,27581,173
07/08/2021 23:25:53,1628389553,37.68,27497,159
07/08/2021 23:26:23,1628389583,38.29,27581,159
07/08/2021 23:26:53,1628389613,41.06,27686,159
07/08/2021 23:27:23,1628389643,43.5,28191,159
07/08/2021 23:27:53,1628389673,39.87,27875,160
07/08/2021 23:28:23,1628389703,39.81,27840,76
07/08/2021 23:28:53,1628389733,41.92,27840,176
07/08/2021 23:29:23,1628389763,41.58,27770,172
07/08/2021 23:29:53,1628389793,38.84,27693,162
07/08/2021 23:30:23,1628389823,44.33,28267,163
07/08/2021 23:30:53,1628389853,39.02,27721,172
07/08/2021 23:31:23,1628389883,40.57,27798,165
07/08/2021 23:31:53,1628389913,44.02,28099,166
07/08/2021 23:32:23,1628389943,40.85,27987,170
07/08/2021 23:32:53,1628389973,40.79,28001,131
07/08/2021 23:33:23,1628390003,44.02,28113,169
07/08/2021 23:33:53,1628390033,40.79,27973,172
07/08/2021 23:34:23,1628390063,43.11,28036,2742
07/08/2021 23:34:53,1628390093,44.73,28281,90
07/08/2021 23:35:24,1628390124,42.07,28099,82
07/08/2021 23:35:53,1628390153,41.89,27791,175
07/08/2021 23:36:24,1628390184,40.76,27917,85
07/08/2021 23:36:53,1628390213,41.43,28001,278
07/08/2021 23:37:24,1628390244,42.53,28198,86
07/08/2021 23:37:54,1628390274,42.96,28267,484
07/08/2021 23:38:23,1628390303,45.98,28422,178
07/08/2021 23:38:54,1628390334,43.78,28366,93
07/08/2021 23:39:24,1628390364,40.79,27875,180
07/08/2021 23:39:54,1628390394,41.89,28043,389
07/08/2021 23:40:24,1628390424,40.45,27756,387
07/08/2021 23:40:54,1628390454,42.92,27917,181
07/08/2021 23:41:24,1628390484,46.01,28344,181
07/08/2021 23:41:54,1628390514,45.43,28274,386
07/08/2021 23:42:24,1628390544,41.7,27980,286
07/08/2021 23:42:54,1628390574,44.73,28127,75
07/08/2021 23:43:24,1628390604,47.26,28519,491
07/08/2021 23:43:54,1628390634,47.56,28597,185
07/08/2021 23:44:24,1628390664,45.58,28204,185
07/08/2021 23:44:54,1628390694,41.28,27910,190
07/08/2021 23:45:24,1628390724,46.01,28359,188
07/08/2021 23:45:54,1628390754,47.32,28429,84
07/08/2021 23:46:24,1628390784,48.14,28666,84
07/08/2021 23:46:54,1628390814,45.31,28218,85
07/08/2021 23:47:24,1628390844,43.05,28176,190
07/08/2021 23:47:54,1628390874,48.48,28736,155
07/08/2021 23:48:24,1628390904,45.7,28274,88
07/08/2021 23:48:54,1628390934,43.75,28330,90
07/08/2021 23:49:24,1628390964,43.05,28106,91
07/08/2021 23:49:54,1628390994,44.21,28379,93
07/08/2021 23:50:24,1628391024,43.87,28303,93
07/08/2021 23:50:54,1628391054,46.77,28435,93
07/08/2021 23:51:24,1628391084,43.08,28135,93
07/08/2021 23:51:54,1628391114,49,28792,94
07/08/2021 23:52:24,1628391144,47.47,28527,94
07/08/2021 23:52:54,1628391174,48.45,28680,98
07/08/2021 23:53:24,1628391204,46.95,28743,95
07/08/2021 23:53:54,1628391234,44.82,28366,96
07/08/2021 23:54:24,1628391264,43.78,28260,96
07/08/2021 23:54:54,1628391294,49.12,28785,403
07/08/2021 23:55:24,1628391324,48.2,28575,96
07/08/2021 23:55:54,1628391354,47.17,28478,505
07/08/2021 23:56:24,1628391384,47.59,28527,198
07/08/2021 23:56:54,1628391414,45.52,28527,200
07/08/2021 23:57:24,1628391444,47.32,28505,202
07/08/2021 23:57:54,1628391474,46.65,28351,167
07/08/2021 23:58:24,1628391504,49.06,28778,313
07/08/2021 23:58:54,1628391534,45.49,28471,203
07/08/2021 23:59:24,1628391564,47.69,28491,101
07/08/2021 23:59:54,1628391594,49.79,28919,205
08/08/2021 00:00:24,1628391624,45.58,28239,207
08/08/2021 00:00:54,1628391654,47.62,28617,104
08/08/2021 00:01:24,1628391684,49.06,28758,620
08/08/2021 00:01:54,1628391714,50.62,28933,78
08/08/2021 00:02:24,1628391744,48.94,28673,105
08/08/2021 00:02:54,1628391774,48.51,28485,104
08/08/2021 00:03:24,1628391804,49.73,28828,106
08/08/2021 00:03:54,1628391834,51.56,29052,122
08/08/2021 00:04:24,1628391864,48.45,28583,105
08/08/2021 00:04:54,1628391894,48.33,28617,107
08/08/2021 00:05:24,1628391924,50.4,28884,105
08/08/2021 00:05:54,1628391954,50.65,28877,106
08/08/2021 00:06:24,1628391984,49.03,28743,107
08/08/2021 00:06:54,1628392014,49.15,28631,107
08/08/2021 00:07:24,1628392044,49.27,28687,107
08/08/2021 00:07:54,1628392074,48.3,28617,108
08/08/2021 00:08:24,1628392104,47.78,28372,108
08/08/2021 00:08:54,1628392134,49.46,28702,111
08/08/2021 00:09:24,1628392164,48.97,28449,110
08/08/2021 00:09:54,1628392194,54.98,29626,87
08/08/2021 00:10:24,1628392224,48.51,28527,111
08/08/2021 00:10:54,1628392254,49.42,28821,111
08/08/2021 00:11:54,1628392314,49.09,28702,111
08/08/2021 00:12:24,1628392344,51.81,29296,111
08/08/2021 00:12:54,1628392374,48.54,28260,111
08/08/2021 00:13:24,1628392404,51.47,28624,111
08/08/2021 00:13:54,1628392434,49.09,28239,112
08/08/2021 00:14:54,1628392494,49.27,28583,110
08/08/2021 00:15:24,1628392524,50.95,29003,112
08/08/2021 00:15:54,1628392554,53.06,28855,112
08/08/2021 00:16:54,1628392614,55.74,29647,216
08/08/2021 00:17:24,1628392644,53.91,28870,114
08/08/2021 00:17:54,1628392674,52.2,29199,115
08/08/2021 00:18:54,1628392734,53.3,28897,122
08/08/2021 00:19:24,1628392764,51.13,29206,120
08/08/2021 00:20:24,1628392824,50.83,29009,120
08/08/2021 00:21:24,1628392884,50.62,28814,121
08/08/2021 00:21:54,1628392914,53.09,29542,122
08/08/2021 00:22:24,1628392944,56.29,29682,123
08/08/2021 00:22:54,1628392974,50.07,28191,124
08/08/2021 00:23:24,1628393004,54.49,28610,124
