05/08/2021 05:33:38,1628152418,-29.68,54991,9327,,
05/08/2021 05:35:11,1628152511,-33.64,53142,6897,,
05/08/2021 05:35:41,1628152541,-29.8,55025,10049,,
05/08/2021 05:36:11,1628152571,-29.92,54759,5531,,
05/08/2021 05:36:41,1628152601,-30.32,54998,5636,,
05/08/2021 05:37:11,1628152631,-30.32,54983,12357,,
05/08/2021 05:37:41,1628152661,-30.26,55054,9984,,
05/08/2021 05:38:11,1628152691,-30.35,55018,5360,, 
05/08/2021 05:38:41,1628152721,-30.35,55047,7568,,
05/08/2021 05:39:11,1628152751,-30.38,55103,7377,,
05/08/2021 05:39:41,1628152781,-30.13,54899,7364,,
05/08/2021 05:40:11,1628152811,-30.38,55054,7348,,
05/08/2021 05:40:41,1628152841,-30.71,55018,5385,,
05/08/2021 05:41:11,1628152871,-30.59,55047,7935,,
05/08/2021 05:41:41,1628152901,-30.5,54906,5330,,
05/08/2021 05:42:11,1628152931,-30.65,54864,7332,,
05/08/2021 05:42:41,1628152961,-30.53,54906,5433,,
05/08/2021 05:43:11,1628152991,-30.65,54991,8705,,
05/08/2021 05:43:41,1628153021,-30.84,55054,7442,,
05/08/2021 05:44:11,1628153051,-30.81,55060,8349,,
05/08/2021 05:44:41,1628153081,-30.81,54942,10696,,
05/08/2021 05:45:11,1628153111,-30.84,55018,7702,,
05/08/2021 05:45:41,1628153141,-30.65,54942,7687,,
05/08/2021 05:46:11,1628153171,-30.93,55095,8695,,
05/08/2021 05:46:41,1628153201,-30.71,54927,13696,,
05/08/2021 05:47:12,1628153232,-30.99,54942,7436,,
05/08/2021 05:47:41,1628153261,-30.81,55018,20642,,
05/08/2021 05:48:11,1628153291,-30.74,54886,16734,,
05/08/2021 05:48:42,1628153322,-30.93,55060,22666,,
05/08/2021 05:49:12,1628153352,-30.9,55011,16894,,
05/08/2021 05:49:42,1628153382,-30.96,54991,6541,,
05/08/2021 05:50:12,1628153412,-31.11,54991,5395,,
05/08/2021 05:50:42,1628153442,-31.05,55011,5481,,
05/08/2021 05:51:12,1628153472,-30.96,54935,36489,,
05/08/2021 05:52:19,1628153539,-31.11,55088,7443,,
05/08/2021 05:52:49,1628153569,-30.87,54998,7431,,
05/08/2021 05:53:19,1628153599,-30.81,54927,7410,,
05/08/2021 05:53:49,1628153629,-31.05,54983,5452,,
05/08/2021 05:54:19,1628153659,-31.02,55018,7381,,
05/08/2021 05:54:49,1628153689,-31.02,54942,11392,,
05/08/2021 05:55:19,1628153719,-30.96,54983,19345,,
05/08/2021 05:55:49,1628153749,-30.99,55047,7334,,
05/08/2021 05:56:19,1628153779,-31.2,55032,6390,,
05/08/2021 05:56:49,1628153809,-31.05,55054,11250,,
05/08/2021 05:57:19,1628153839,-30.99,54935,10301,,
05/08/2021 05:57:49,1628153869,-31.17,55137,5330,,
05/08/2021 05:58:19,1628153899,-31.26,55011,6333,,
05/08/2021 05:58:49,1628153929,-31.29,55047,5329,,
05/08/2021 05:59:19,1628153959,-31.32,55081,7835,,
05/08/2021 05:59:49,1628153989,-31.02,55039,7329,,
05/08/2021 06:00:19,1628154019,-31.02,54948,8163,,
05/08/2021 06:00:49,1628154049,-31.17,55039,5434,,
05/08/2021 06:01:19,1628154079,-31.11,55004,5329,,
05/08/2021 06:01:49,1628154109,-30.93,54913,7340,,
05/08/2021 06:02:19,1628154139,-31.14,55067,15690,,
05/08/2021 06:02:49,1628154169,-31.29,54948,8053,,
05/08/2021 06:03:19,1628154199,-31.26,54998,7401,,
05/08/2021 06:03:49,1628154229,-31.11,54899,7829,,
05/08/2021 06:04:20,1628154260,-30.96,54983,7371,,
05/08/2021 06:04:50,1628154290,-31.29,54998,7867,,
05/08/2021 06:05:20,1628154320,-31.14,54955,5329,,
05/08/2021 06:05:50,1628154350,-31.05,55032,7364,,
05/08/2021 06:06:20,1628154380,-30.9,54794,7330,,
05/08/2021 06:06:50,1628154410,-31.35,55067,7361,,
05/08/2021 06:07:20,1628154440,-31.29,55011,7348,,
05/08/2021 06:07:50,1628154470,-31.05,55054,7915,,
05/08/2021 06:08:20,1628154500,-31.32,54927,8882,,
05/08/2021 06:08:50,1628154530,-31.23,55039,7334,,
05/08/2021 06:09:20,1628154560,-31.14,55004,7352,,
05/08/2021 06:09:50,1628154590,-30.99,54991,7400,,
05/08/2021 06:10:20,1628154620,-31.14,54892,7415,,
05/08/2021 06:10:50,1628154650,-31.14,55054,7332,,
05/08/2021 06:11:20,1628154680,-31.02,54920,7331,,
05/08/2021 06:11:50,1628154710,-31.17,54906,7372,,
05/08/2021 06:12:20,1628154740,-31.14,55018,7329,,
05/08/2021 06:12:50,1628154770,-31.05,54843,8842,,
05/08/2021 06:13:20,1628154800,-31.11,54983,5344,,
05/08/2021 06:13:50,1628154830,-31.02,55047,7342,,
05/08/2021 06:14:20,1628154860,-31.11,55032,6747,,
05/08/2021 06:14:50,1628154890,-31.23,54991,7341,,
05/08/2021 06:15:20,1628154920,-31.32,54942,7334,,
05/08/2021 06:15:50,1628154950,-30.96,54913,8628,,
05/08/2021 06:16:20,1628154980,-31.26,55095,7329,,
05/08/2021 06:16:50,1628155010,-31.23,55018,7346,,
05/08/2021 06:17:20,1628155040,-31.29,54935,7340,,
05/08/2021 06:17:50,1628155070,-31.35,55011,7332,,
05/08/2021 06:18:20,1628155100,-31.2,55054,7898,,
05/08/2021 06:19:20,1628155160,-31.2,55011,7881,,
05/08/2021 06:19:50,1628155190,-31.14,54991,7391,,
05/08/2021 06:20:20,1628155220,-31.17,54962,5429,,
05/08/2021 06:20:50,1628155250,-31.2,55060,7872,,
05/08/2021 06:21:20,1628155280,-31.2,54991,7473,,
05/08/2021 06:22:20,1628155340,-30.87,54991,7376,,
05/08/2021 06:22:50,1628155370,-31.02,55004,7331,,
05/08/2021 06:23:20,1628155400,-31.17,55004,5338,,
05/08/2021 06:23:50,1628155430,-31.32,55074,7371,,
05/08/2021 06:24:20,1628155460,-31.17,54998,7353,,
05/08/2021 06:24:50,1628155490,-31.2,55067,7344,,
05/08/2021 06:25:20,1628155520,-31.11,54935,5377,,
05/08/2021 06:25:50,1628155550,-30.96,55074,7333,,
05/08/2021 06:26:20,1628155580,-31.29,55067,5344,,
05/08/2021 06:26:50,1628155610,-31.05,55088,7378,,
05/08/2021 06:27:20,1628155640,-31.05,55039,7329,,
05/08/2021 06:27:50,1628155670,-31.17,55018,7335,,
05/08/2021 06:28:20,1628155700,-31.17,55011,7330,,
05/08/2021 06:28:50,1628155730,-31.02,55011,7416,,
05/08/2021 06:29:20,1628155760,-31.14,55074,7399,,
05/08/2021 06:29:50,1628155790,-31.26,54991,7896,,
05/08/2021 06:30:21,1628155821,-31.2,55060,7369,,
05/08/2021 06:30:51,1628155851,-30.87,54906,7362,,
05/08/2021 06:31:21,1628155881,-31.17,54920,5391,,
05/08/2021 06:31:51,1628155911,-31.11,55088,8138,,
05/08/2021 06:32:21,1628155941,-31.23,55074,7340,,
05/08/2021 06:32:51,1628155971,-31.05,55081,7492,,
05/08/2021 06:33:21,1628156001,-31.45,55067,7377,,
05/08/2021 06:33:51,1628156031,-31.05,55039,7331,,
05/08/2021 06:34:21,1628156061,-31.05,54794,8063,,
05/08/2021 06:34:51,1628156091,-31.08,54983,7338,,
05/08/2021 06:35:21,1628156121,-31.08,54906,9982,,
05/08/2021 06:35:51,1628156151,-31.23,54976,10962,,
05/08/2021 06:36:21,1628156181,-31.2,55081,7374,,
05/08/2021 06:36:51,1628156211,-31.11,55054,5435,,
05/08/2021 06:37:21,1628156241,-31.11,55054,5329,,
05/08/2021 06:37:51,1628156271,-30.96,54886,7338,,
05/08/2021 06:38:21,1628156301,-31.17,55081,7936,,
05/08/2021 06:38:51,1628156331,-31.14,55067,7409,,
05/08/2021 06:39:21,1628156361,-31.2,54991,7393,,
05/08/2021 06:39:51,1628156391,-31.05,55018,5435,,
05/08/2021 06:40:21,1628156421,-31.14,55018,5415,,
05/08/2021 06:40:51,1628156451,-31.11,55047,5813,,
05/08/2021 06:41:21,1628156481,-31.17,54969,9376,,
05/08/2021 06:41:51,1628156511,-30.93,55004,7331,,
05/08/2021 06:42:21,1628156541,-30.87,55032,7331,,
05/08/2021 06:42:51,1628156571,-31.02,54983,7343,,
05/08/2021 06:43:21,1628156601,-31.02,55047,8905,,
05/08/2021 06:43:51,1628156631,-31.11,55032,7353,,
05/08/2021 06:44:21,1628156661,-31.11,55054,5392,,
05/08/2021 06:44:51,1628156691,-30.74,54942,8345,,
05/08/2021 06:45:21,1628156721,-30.84,54857,7329,,
05/08/2021 06:45:51,1628156751,-30.87,54991,7392,,
05/08/2021 06:46:21,1628156781,-30.9,54976,7481,,
05/08/2021 06:46:51,1628156811,-31.11,55018,7360,,
05/08/2021 06:47:21,1628156841,-30.9,55018,7344,,
05/08/2021 06:47:51,1628156871,-31.08,55067,7431,,
05/08/2021 06:48:21,1628156901,-31.02,54983,5367,,
05/08/2021 06:48:51,1628156931,-30.93,55011,5351,,
05/08/2021 06:49:21,1628156961,-30.84,55054,6468,,
05/08/2021 06:49:51,1628156991,-30.93,55054,7371,,
05/08/2021 06:50:21,1628157021,-30.77,54969,7351,,
05/08/2021 06:50:51,1628157051,-31.02,55018,8344,,
05/08/2021 06:51:21,1628157081,-30.93,55004,7423,,
05/08/2021 06:51:51,1628157111,-30.77,54935,7410,,
05/08/2021 06:52:21,1628157141,-31.08,55039,7393,,
05/08/2021 06:52:51,1628157171,-30.84,55054,7379,,
05/08/2021 06:53:21,1628157201,-30.71,55004,7361,,
05/08/2021 06:53:51,1628157231,-30.96,55060,7349,,
05/08/2021 06:54:21,1628157261,-30.96,54955,8450,,
05/08/2021 06:54:51,1628157291,-30.84,55047,7416,,
05/08/2021 06:55:22,1628157322,-30.87,54886,7399,,
05/08/2021 06:55:52,1628157352,-30.81,54998,8403,,
05/08/2021 06:56:22,1628157382,-30.77,54969,7366,,
05/08/2021 06:56:52,1628157412,-30.71,55018,7351,,
05/08/2021 06:57:22,1628157442,-30.96,54998,7440,,
05/08/2021 06:57:52,1628157472,-30.62,54808,5475,,
05/08/2021 06:58:22,1628157502,-30.81,54955,7408,,
05/08/2021 06:59:22,1628157562,-30.9,55011,5431,,
05/08/2021 06:59:52,1628157592,-30.9,55103,10842,,
05/08/2021 07:00:22,1628157622,-30.74,54899,7345,,
05/08/2021 07:00:52,1628157652,-30.9,54976,7431,,
05/08/2021 07:01:22,1628157682,-30.93,54976,7330,,
05/08/2021 07:01:52,1628157712,-30.93,55067,5355,,
05/08/2021 07:02:22,1628157742,-30.93,55004,5335,,
05/08/2021 07:02:52,1628157772,-30.71,55018,10849,,
05/08/2021 07:03:22,1628157802,-30.71,54935,7359,,
05/08/2021 07:03:52,1628157832,-30.71,55103,8340,,
05/08/2021 07:04:22,1628157862,-30.81,55067,5378,,
05/08/2021 07:04:52,1628157892,-30.53,55074,7333,,
05/08/2021 07:05:22,1628157922,-30.74,55032,7393,,
05/08/2021 07:05:52,1628157952,-30.77,55074,7380,,
05/08/2021 07:06:22,1628157982,-30.81,54927,7360,,
05/08/2021 07:06:52,1628158012,-31.05,54983,7348,,
05/08/2021 07:07:22,1628158042,-30.93,54955,7332,,
05/08/2021 07:07:52,1628158072,-30.74,54913,7417,,
05/08/2021 07:08:22,1628158102,-30.77,55047,7402,,
05/08/2021 07:08:52,1628158132,-30.62,54857,5439,,
05/08/2021 07:09:22,1628158162,-30.77,55011,7369,,
05/08/2021 07:09:52,1628158192,-30.81,54998,5406,,
05/08/2021 07:10:22,1628158222,-30.84,54983,7333,,
05/08/2021 07:10:52,1628158252,-30.87,54948,7423,,
05/08/2021 07:11:22,1628158282,-30.74,55032,5358,,
05/08/2021 07:11:52,1628158312,-30.71,55074,7393,,
05/08/2021 07:12:22,1628158342,-30.74,55032,7333,,
05/08/2021 07:12:52,1628158372,-30.62,55074,5414,,
05/08/2021 07:13:22,1628158402,-30.74,55095,7342,,
05/08/2021 07:13:52,1628158432,-30.74,55081,7330,,
05/08/2021 07:14:22,1628158462,-30.56,55018,10380,,
05/08/2021 07:14:52,1628158492,-30.68,54998,7602,,
05/08/2021 07:15:22,1628158522,-30.65,54886,7384,,
05/08/2021 07:15:52,1628158552,-30.56,55074,8357,,
05/08/2021 07:16:22,1628158582,-30.68,54998,7353,,
05/08/2021 07:16:52,1628158612,-30.96,54991,7345,,
05/08/2021 07:17:22,1628158642,-30.68,55047,5381,,
05/08/2021 07:17:52,1628158672,-30.81,55067,8636,,
05/08/2021 07:18:22,1628158702,-30.81,55039,10873,,
05/08/2021 07:18:52,1628158732,-30.68,55081,5430,,
05/08/2021 07:19:22,1628158762,-30.77,55074,7359,,
05/08/2021 07:19:52,1628158792,-30.59,54899,5398,,
05/08/2021 07:20:22,1628158822,-30.71,55004,5381,,
05/08/2021 07:20:52,1628158852,-30.62,55032,10376,,
05/08/2021 07:21:22,1628158882,-30.62,54998,7499,,
05/08/2021 07:21:53,1628158913,-30.53,55074,7381,,
05/08/2021 07:22:23,1628158943,-30.87,55067,7367,,
05/08/2021 07:22:53,1628158973,-30.53,55039,7860,,
05/08/2021 07:23:23,1628159003,-30.84,55032,5387,,
05/08/2021 07:23:53,1628159033,-30.47,54871,7419,,
05/08/2021 07:24:23,1628159063,-30.62,55074,7344,,
05/08/2021 07:24:53,1628159093,-30.38,54913,5341,,
05/08/2021 07:25:23,1628159123,-30.53,55011,7373,,
05/08/2021 07:25:53,1628159153,-30.56,54976,7377,,
05/08/2021 07:26:23,1628159183,-30.68,54942,7342,,
05/08/2021 07:26:53,1628159213,-30.44,54942,7427,,
05/08/2021 07:27:23,1628159243,-30.68,55004,7411,,
05/08/2021 07:27:53,1628159273,-30.5,54955,7831,,
05/08/2021 07:28:23,1628159303,-30.47,54920,7406,,
05/08/2021 07:28:53,1628159333,-30.53,55054,7377,,
05/08/2021 07:29:23,1628159363,-30.53,55047,7347,,
05/08/2021 07:29:53,1628159393,-30.53,55032,10918,,
05/08/2021 07:30:23,1628159423,-30.59,54998,5883,,
05/08/2021 07:30:53,1628159453,-30.41,54983,7404,,
05/08/2021 07:31:23,1628159483,-30.65,55018,5340,,
05/08/2021 07:31:53,1628159513,-30.53,55047,5424,,
05/08/2021 07:32:23,1628159543,-30.38,54913,5414,,
05/08/2021 07:32:53,1628159573,-30.47,54927,7342,,
05/08/2021 07:33:23,1628159603,-30.47,55004,5381,,
05/08/2021 07:33:53,1628159633,-30.5,54983,7416,,
05/08/2021 07:34:23,1628159663,-30.56,55067,7396,,
05/08/2021 07:34:53,1628159693,-30.62,54962,5436,,
05/08/2021 07:35:23,1628159723,-30.59,55011,7366,,
05/08/2021 07:35:53,1628159753,-30.5,54935,7353,,
05/08/2021 07:36:23,1628159783,-30.56,54906,7636,,
05/08/2021 07:36:53,1628159813,-30.47,54886,7424,,
05/08/2021 07:37:23,1628159843,-30.56,55047,7403,,
05/08/2021 07:37:53,1628159873,-30.5,55004,7392,,
05/08/2021 07:38:23,1628159903,-30.5,55011,7373,,
05/08/2021 07:38:53,1628159933,-30.53,55004,8892,,
05/08/2021 07:39:23,1628159963,-30.59,55004,7342,,
05/08/2021 07:39:53,1628159993,-30.41,54983,7429,,
05/08/2021 07:40:23,1628160023,-30.53,55088,7410,,
05/08/2021 07:40:53,1628160053,-30.41,55018,6788,,
05/08/2021 07:41:23,1628160083,-30.35,55095,7383,,
05/08/2021 07:41:53,1628160113,-30.62,54991,5420,,
05/08/2021 07:42:23,1628160143,-30.5,55060,7348,,
05/08/2021 07:42:53,1628160173,-30.44,54983,7741,,
05/08/2021 07:43:23,1628160203,-30.38,55039,7828,,
05/08/2021 07:43:53,1628160233,-30.5,54920,8740,,
05/08/2021 07:44:23,1628160263,-30.35,55011,7695,,
05/08/2021 07:44:53,1628160293,-30.32,55039,8702,,
05/08/2021 07:45:23,1628160323,-30.44,54948,7355,,
05/08/2021 07:45:53,1628160353,-30.35,54983,7644,,
05/08/2021 07:46:23,1628160383,-30.41,54962,8577,,
05/08/2021 07:46:53,1628160413,-30.26,54955,5360,,
05/08/2021 07:47:23,1628160443,-30.35,54823,5348,,
05/08/2021 07:47:54,1628160474,-30.32,54871,11577,,
05/08/2021 07:48:24,1628160504,-30.38,55054,7327,,
05/08/2021 07:48:54,1628160534,-30.44,54962,8577,,
05/08/2021 07:49:24,1628160564,-30.2,54829,10513,,
05/08/2021 07:49:54,1628160594,-30.38,54899,7433,,
05/08/2021 07:50:24,1628160624,-30.41,55032,7369,,
05/08/2021 07:50:54,1628160654,-30.35,54913,7383,,
05/08/2021 07:51:24,1628160684,-30.44,54983,7471,,
05/08/2021 07:51:54,1628160714,-30.47,55032,9509,,
05/08/2021 07:52:24,1628160744,-30.26,54976,7388,,
05/08/2021 07:52:54,1628160774,-30.32,54991,8514,,
05/08/2021 07:53:24,1628160804,-30.29,55018,8432,,
05/08/2021 07:53:54,1628160834,-30.59,54998,7391,,
05/08/2021 07:54:24,1628160864,-30.41,55054,5430,,
05/08/2021 07:54:54,1628160894,-30.32,55004,9305,,
05/08/2021 07:55:24,1628160924,-30.23,54906,5398,,
05/08/2021 07:55:54,1628160954,-30.35,54991,7434,,
05/08/2021 07:56:24,1628160984,-30.53,54969,7327,,
05/08/2021 07:56:54,1628161014,-30.41,55054,7398,,
05/08/2021 07:57:24,1628161044,-30.32,55054,7382,,
05/08/2021 07:57:54,1628161074,-30.35,54983,7367,,
05/08/2021 07:58:24,1628161104,-30.29,54948,7352,,
05/08/2021 07:58:54,1628161134,-30.38,55039,7335,,
05/08/2021 07:59:24,1628161164,-30.32,54823,5374,,
05/08/2021 07:59:54,1628161194,-30.26,54886,7405,,
05/08/2021 08:00:24,1628161224,-30.44,54969,7390,,
05/08/2021 08:00:54,1628161254,-30.56,55004,5430,,
05/08/2021 08:01:24,1628161284,-30.32,54864,7358,,
05/08/2021 08:01:54,1628161314,-30.29,54948,5396,,
05/08/2021 08:02:24,1628161344,-30.5,54969,7429,,
05/08/2021 08:02:54,1628161374,-30.29,55047,7415,,
05/08/2021 08:03:24,1628161404,-30.23,55054,7402,,
05/08/2021 08:03:54,1628161434,-30.38,54998,7382,,
05/08/2021 08:04:24,1628161464,-30.26,54969,5421,,
05/08/2021 08:04:54,1628161494,-30.04,54879,7349,,
05/08/2021 08:05:24,1628161524,-30.32,55011,6003,,
05/08/2021 08:05:54,1628161554,-30.29,54879,7422,,
05/08/2021 08:06:24,1628161584,-30.44,54991,7404,,
05/08/2021 08:06:54,1628161614,-30.44,55011,7388,,
05/08/2021 08:07:24,1628161644,-30.01,54955,7372,,
05/08/2021 08:07:54,1628161674,-30.26,54976,7356,,
05/08/2021 08:08:24,1628161704,-30.2,55047,7341,,
05/08/2021 08:08:54,1628161734,-30.47,54976,7432,,
05/08/2021 08:09:24,1628161764,-30.26,54998,7412,,
05/08/2021 08:09:54,1628161794,-30.07,54871,5347,,
05/08/2021 08:10:24,1628161824,-30.26,55004,6333,,
05/08/2021 08:10:54,1628161854,-30.38,55047,7364,,
05/08/2021 08:11:24,1628161884,-30.41,54948,7349,,
05/08/2021 08:11:54,1628161914,-30.2,54991,7741,,
05/08/2021 08:12:24,1628161944,-30.35,54836,7419,,
05/08/2021 08:12:54,1628161974,-30.16,54899,5765,,
05/08/2021 08:13:24,1628162004,-29.83,54899,7900,,
05/08/2021 08:13:55,1628162035,-30.07,54906,7370,,
05/08/2021 08:14:25,1628162065,-30.29,54962,7353,,
05/08/2021 08:14:55,1628162095,-30.16,54991,7373,,
05/08/2021 08:15:25,1628162125,-30.07,54991,7424,,
05/08/2021 08:15:55,1628162155,-30.2,54935,7413,,
05/08/2021 08:16:25,1628162185,-30.2,54969,7395,,
05/08/2021 08:16:55,1628162215,-30.16,54969,7378,,
05/08/2021 08:17:25,1628162245,-30.32,54948,8394,,
05/08/2021 08:17:55,1628162275,-30.07,54969,7345,,
05/08/2021 08:18:25,1628162305,-30.2,54942,7433,,
05/08/2021 08:18:55,1628162335,-30.04,54899,7417,,
05/08/2021 08:19:25,1628162365,-30.01,55047,7402,,
05/08/2021 08:19:55,1628162395,-30.23,54969,7484,,
05/08/2021 08:20:25,1628162425,-30.1,54850,7880,,
05/08/2021 08:20:55,1628162455,-30.23,54998,8402,,
05/08/2021 08:21:25,1628162485,-30.16,55032,7340,,
05/08/2021 08:21:55,1628162515,-29.95,54850,7430,,
05/08/2021 08:22:25,1628162545,-29.77,54906,5668,,
05/08/2021 08:22:55,1628162575,-30.1,54913,7396,,
05/08/2021 08:23:25,1628162605,-30.23,54948,5431,,
05/08/2021 08:23:55,1628162635,-30.16,54906,5417,,
05/08/2021 08:24:25,1628162665,-30.1,54976,7347,,
05/08/2021 08:24:55,1628162695,-30.29,55018,5386,,
05/08/2021 08:25:25,1628162725,-30.23,54983,7420,,
05/08/2021 08:25:55,1628162755,-30.16,54836,7404,,
05/08/2021 08:26:25,1628162785,-30.32,54864,5339,,
05/08/2021 08:26:55,1628162815,-30.2,55004,7373,,
05/08/2021 08:27:25,1628162845,-30.01,54935,7670,,
05/08/2021 08:27:55,1628162875,-30.26,55011,7340,,
05/08/2021 08:28:25,1628162905,-30.29,54998,7425,,
05/08/2021 08:28:55,1628162935,-30.29,54969,7412,,
05/08/2021 08:29:25,1628162965,-30.13,54920,7402,,
05/08/2021 08:29:55,1628162995,-30.01,54892,7383,,
05/08/2021 08:30:25,1628163025,-30.2,54850,7365,,
05/08/2021 08:30:55,1628163055,-30.32,54998,7347,,
05/08/2021 08:31:25,1628163085,-30.01,54879,7434,,
05/08/2021 08:31:55,1628163115,-30.13,54935,7417,,
05/08/2021 08:32:25,1628163145,-30.26,55004,7401,,
05/08/2021 08:32:55,1628163175,-30.32,54962,7328,,
05/08/2021 08:33:25,1628163205,-30.23,54998,8085,,
05/08/2021 08:33:55,1628163235,-30.23,54983,7978,,
05/08/2021 08:34:25,1628163265,-30.29,54962,8061,,
05/08/2021 08:34:55,1628163295,-30.32,54998,7327,,
05/08/2021 08:35:25,1628163325,-30.26,54969,8972,,
05/08/2021 08:35:55,1628163355,-30.07,54976,8010,,
05/08/2021 08:36:25,1628163385,-30.23,55011,7376,,
05/08/2021 08:36:55,1628163415,-30.1,54871,7361,,
05/08/2021 08:37:25,1628163445,-30.38,54983,5917,,
05/08/2021 08:37:55,1628163475,-30.16,55060,8251,,
05/08/2021 08:38:25,1628163505,-30.16,54879,5880,,
05/08/2021 08:38:55,1628163535,-30.16,54969,7402,,
05/08/2021 08:39:26,1628163566,-30.16,54976,7387,,
05/08/2021 08:39:56,1628163596,-30.04,54879,7370,,
05/08/2021 08:40:26,1628163626,-30.1,55067,7868,,
05/08/2021 08:40:56,1628163656,-30.1,54991,7747,,
05/08/2021 08:41:26,1628163686,-30.1,54991,5380,,
05/08/2021 08:41:56,1628163716,-30.04,54899,7330,,
05/08/2021 08:42:26,1628163746,-30.35,55054,7702,,
05/08/2021 08:42:56,1628163776,-30.2,55060,7387,,
05/08/2021 08:43:26,1628163806,-30.1,54836,11663,,
05/08/2021 08:43:56,1628163836,-30.23,54948,7346,,
05/08/2021 08:44:26,1628163866,-30.13,54983,8659,,
05/08/2021 08:44:56,1628163896,-30.16,54899,6699,,
05/08/2021 08:45:26,1628163926,-30.2,54991,7400,,
05/08/2021 08:45:56,1628163956,-30.2,55018,7397,,
05/08/2021 08:46:26,1628163986,-30.01,54892,10853,,
05/08/2021 08:46:56,1628164016,-30.29,54983,7557,,
05/08/2021 08:47:26,1628164046,-30.23,54991,7442,,
05/08/2021 08:47:56,1628164076,-30.29,55060,7425,,
05/08/2021 08:48:26,1628164106,-30.07,54850,7411,,
05/08/2021 08:48:56,1628164136,-30.13,55039,7499,,
05/08/2021 08:49:26,1628164166,-30.23,55103,7379,,
05/08/2021 08:49:56,1628164196,-29.98,54857,7365,,
05/08/2021 08:50:26,1628164226,-30.01,54935,5406,,
05/08/2021 08:50:56,1628164256,-30.35,54962,7436,,
05/08/2021 08:51:26,1628164286,-30.01,54879,10900,,
05/08/2021 08:51:56,1628164316,-30.07,54935,7402,,
05/08/2021 08:52:26,1628164346,-30.01,54942,7389,,
05/08/2021 08:52:56,1628164376,-30.07,54829,8394,,
05/08/2021 08:53:26,1628164406,-30.07,54829,7355,,
05/08/2021 08:53:56,1628164436,-30.23,54983,7443,,
05/08/2021 08:54:26,1628164466,-30.13,54948,8561,,
05/08/2021 08:54:56,1628164496,-30.16,54935,7328,,
05/08/2021 08:55:26,1628164526,-30.16,54857,7330,,
05/08/2021 08:55:56,1628164556,-30.23,54948,7392,,
05/08/2021 08:56:26,1628164586,-30.23,54998,7875,,
05/08/2021 08:56:56,1628164616,-30.2,54920,7345,,
05/08/2021 08:57:26,1628164646,-30.07,54955,7434,,
05/08/2021 08:57:56,1628164676,-30.13,55004,7329,,
05/08/2021 08:58:26,1628164706,-30.29,55011,7910,,
05/08/2021 08:58:56,1628164736,-30.13,54948,7384,,
05/08/2021 08:59:26,1628164766,-30.23,54976,7984,,
05/08/2021 08:59:56,1628164796,-30.13,54955,7350,,
05/08/2021 09:00:26,1628164826,-29.95,54879,5395,,
05/08/2021 09:00:56,1628164856,-30.07,54969,5386,,
05/08/2021 09:01:26,1628164886,-30.29,55004,5355,,
05/08/2021 09:01:56,1628164916,-30.23,54886,7385,,
05/08/2021 09:02:26,1628164946,-30.07,54969,7377,,
05/08/2021 09:02:56,1628164976,-30.1,54913,7353,,
05/08/2021 09:03:26,1628165006,-30.23,54955,7340,,
05/08/2021 09:03:56,1628165036,-30.2,54906,7427,,
05/08/2021 09:04:26,1628165066,-30.13,54955,7329,,
05/08/2021 09:04:56,1628165096,-30.26,55011,7395,,
05/08/2021 09:05:27,1628165127,-30.07,54948,6155,,
05/08/2021 09:05:57,1628165157,-30.2,54998,7362,,
05/08/2021 09:06:27,1628165187,-29.92,54879,7350,,
05/08/2021 09:06:57,1628165217,-30.1,54991,7430,,
05/08/2021 09:07:27,1628165247,-30.01,54998,7417,,
05/08/2021 09:07:57,1628165277,-29.98,54857,7400,,
05/08/2021 09:08:27,1628165307,-29.98,54886,7383,,
05/08/2021 09:08:57,1628165337,-30.23,54879,7369,,
05/08/2021 09:09:27,1628165367,-30.26,54927,5408,,
05/08/2021 09:09:57,1628165397,-29.98,54879,7347,,
05/08/2021 09:10:27,1628165427,-30.23,54991,7424,,
05/08/2021 09:10:57,1628165457,-30.2,54976,7408,,
05/08/2021 09:11:27,1628165487,-30.13,55011,7403,,
05/08/2021 09:11:57,1628165517,-30.04,54843,7377,,
05/08/2021 09:12:27,1628165547,-30.23,55004,7380,,
05/08/2021 09:12:57,1628165577,-30.2,54906,7346,,
05/08/2021 09:13:27,1628165607,-30.26,54983,7433,,
05/08/2021 09:13:57,1628165637,-30.47,54948,7414,,
05/08/2021 09:14:27,1628165667,-30.23,54955,7405,,
05/08/2021 09:14:57,1628165697,-30.2,54942,7386,,
05/08/2021 09:15:27,1628165727,-30.23,54998,7577,,
05/08/2021 09:15:57,1628165757,-30.1,54906,7353,,
05/08/2021 09:16:27,1628165787,-30.16,54948,7336,,
05/08/2021 09:16:57,1628165817,-30.01,54864,8549,,
05/08/2021 09:17:27,1628165847,-30.23,54948,7409,,
05/08/2021 09:17:57,1628165877,-30.23,54998,7492,,
05/08/2021 09:18:27,1628165907,-30.07,54879,7374,,
05/08/2021 09:18:57,1628165937,-29.92,54850,7358,,
05/08/2021 09:19:27,1628165967,-30.07,54879,7353,,
05/08/2021 09:19:57,1628165997,-29.95,54879,7429,,
05/08/2021 09:20:27,1628166027,-30.13,54955,7410,,
05/08/2021 09:20:57,1628166057,-30.26,54899,7911,,
05/08/2021 09:21:27,1628166087,-30.35,55067,7382,,
05/08/2021 09:21:57,1628166117,-30.1,54843,5418,,
05/08/2021 09:22:27,1628166147,-30.13,54899,7348,,
05/08/2021 09:22:57,1628166177,-30.26,54983,5398,,
05/08/2021 09:23:27,1628166207,-30.01,54899,5884,,
05/08/2021 09:23:57,1628166237,-30.16,54998,7405,,
05/08/2021 09:24:27,1628166267,-30.07,54948,9332,,
05/08/2021 09:24:57,1628166297,-30.16,54892,7372,,
05/08/2021 09:25:27,1628166327,-30.07,54892,7356,,
05/08/2021 09:25:57,1628166357,-30.2,54913,5397,,
05/08/2021 09:26:27,1628166387,-30.1,54942,7336,,
05/08/2021 09:26:57,1628166417,-30.29,54955,7330,,
05/08/2021 09:27:27,1628166447,-30.04,54886,8215,,
05/08/2021 09:27:57,1628166477,-30.41,54927,7379,,
05/08/2021 09:28:27,1628166507,-30.07,54920,6236,,
05/08/2021 09:28:57,1628166537,-30.01,54935,7345,,
05/08/2021 09:29:27,1628166567,-30.13,54823,7434,,
05/08/2021 09:29:57,1628166597,-30.32,54935,7415,,
05/08/2021 09:30:27,1628166627,-30.07,54983,7400,,
05/08/2021 09:30:57,1628166657,-30.01,54836,7383,,
05/08/2021 09:31:28,1628166688,-30.23,54794,5329,,
05/08/2021 09:31:58,1628166718,-30.29,54955,8005,,
05/08/2021 09:32:28,1628166748,-30.1,54935,7436,,
05/08/2021 09:32:58,1628166778,-29.92,54886,7421,,
05/08/2021 09:33:28,1628166808,-30.32,54935,7407,,
05/08/2021 09:33:58,1628166838,-30.2,54998,8004,,
05/08/2021 09:34:28,1628166868,-30.13,54927,7374,,
05/08/2021 09:34:58,1628166898,-30.16,54850,7359,,
05/08/2021 09:35:28,1628166928,-30.16,54976,10927,,
05/08/2021 09:35:58,1628166958,-29.95,55004,7425,,
05/08/2021 09:36:28,1628166988,-30.04,54927,5365,,
05/08/2021 09:36:58,1628167018,-30.32,54948,7597,,
05/08/2021 09:37:28,1628167048,-30.29,54955,5435,,
05/08/2021 09:37:58,1628167078,-30.23,54942,7466,,
05/08/2021 09:38:28,1628167108,-30.16,54892,5402,,
05/08/2021 09:38:58,1628167138,-30.1,54843,7434,,
05/08/2021 09:39:28,1628167168,-30.29,54879,7418,,
05/08/2021 09:39:58,1628167198,-30.16,54935,7412,,
05/08/2021 09:40:28,1628167228,-30.23,54935,7386,,
05/08/2021 09:40:58,1628167258,-30.13,54886,7369,,
05/08/2021 09:41:28,1628167288,-30.1,54843,5408,,
05/08/2021 09:41:58,1628167318,-30.26,54962,7443,,
05/08/2021 09:42:28,1628167348,-30.04,54942,5377,,
05/08/2021 09:42:58,1628167378,-29.92,54808,7406,,
05/08/2021 09:43:28,1628167408,-29.92,54906,7397,,
05/08/2021 09:43:58,1628167438,-30.16,55011,7376,,
05/08/2021 09:44:28,1628167468,-29.98,54913,7360,,
05/08/2021 09:44:58,1628167498,-30.07,54976,5398,,
05/08/2021 09:45:28,1628167528,-30.2,54906,7433,,
05/08/2021 09:45:58,1628167558,-29.89,54899,7415,,
05/08/2021 09:46:28,1628167588,-30.32,54998,7411,,
05/08/2021 09:46:58,1628167618,-30.1,55011,7385,,
05/08/2021 09:47:28,1628167648,-30.2,54942,5423,,
05/08/2021 09:47:58,1628167678,-30.26,54942,7563,,
05/08/2021 09:48:28,1628167708,-29.89,54767,7442,,
05/08/2021 09:48:58,1628167738,-30.38,54955,7423,,
05/08/2021 09:49:28,1628167768,-30.41,55011,7413,,
05/08/2021 09:49:58,1628167798,-29.95,54745,7393,,
05/08/2021 09:50:28,1628167828,-30.13,54801,7379,,
05/08/2021 09:50:58,1628167858,-30.23,55060,7362,,
05/08/2021 09:51:28,1628167888,-30.04,54962,9336,,
05/08/2021 09:51:58,1628167918,-30.1,55039,8357,,
05/08/2021 09:52:28,1628167948,-30.1,55032,10398,,
05/08/2021 09:52:58,1628167978,-30.16,55067,9302,,
05/08/2021 09:53:28,1628168008,-30.29,55081,7387,,
05/08/2021 09:53:58,1628168038,-30.2,55018,7378,,
05/08/2021 09:54:28,1628168068,-30.16,55081,5409,,
05/08/2021 09:54:58,1628168098,-30.35,55081,10231,,
05/08/2021 09:55:28,1628168128,-30.16,55047,8244,,
05/08/2021 09:55:58,1628168158,-30.23,54969,7414,,
05/08/2021 09:56:28,1628168188,-30.35,55047,9235,,
05/08/2021 09:56:59,1628168219,-30.13,55004,7380,,
05/08/2021 09:57:29,1628168249,-30.23,55067,7359,,
05/08/2021 09:57:59,1628168279,-30.16,54983,7350,,
05/08/2021 09:58:29,1628168309,-30.41,55060,7428,,
05/08/2021 09:58:59,1628168339,-30.35,55060,7422,,
05/08/2021 09:59:29,1628168369,-30.16,54983,7398,,
05/08/2021 09:59:59,1628168399,-30.07,54998,7389,,
05/08/2021 10:00:29,1628168429,-30.26,55047,7366,,
05/08/2021 10:00:59,1628168459,-30.2,55074,5406,,
05/08/2021 10:01:29,1628168489,-30.26,54998,5327,,
05/08/2021 10:01:59,1628168519,-30.13,55004,7427,,
05/08/2021 10:02:29,1628168549,-30.29,55067,9979,,
05/08/2021 10:02:59,1628168579,-30.04,55060,7396,,
05/08/2021 10:03:29,1628168609,-30.29,55067,14951,,
05/08/2021 10:03:59,1628168639,-30.32,55074,10841,,
05/08/2021 10:04:29,1628168669,-30.13,55032,10002,,
05/08/2021 10:04:59,1628168699,-30.35,55004,7429,,
05/08/2021 10:05:29,1628168729,-30.1,55032,5978,,
05/08/2021 10:05:59,1628168759,-30.23,55004,7908,,
05/08/2021 10:06:29,1628168789,-30.23,55054,25927,,
05/08/2021 10:06:59,1628168819,-30.13,55054,5834,,
05/08/2021 10:07:29,1628168849,-30.35,55081,12293,,
05/08/2021 10:07:59,1628168879,-30.26,55067,14819,,
05/08/2021 10:08:29,1628168909,-30.2,55060,5784,,
05/08/2021 10:08:59,1628168939,-30.23,55060,10061,,
05/08/2021 10:09:29,1628168969,-30.26,55074,18851,,
05/08/2021 10:09:59,1628168999,-30.29,55074,16705,,
05/08/2021 10:10:29,1628169029,-30.16,54998,25700,,
05/08/2021 10:10:59,1628169059,-30.2,55047,19731,,
05/08/2021 10:11:29,1628169089,-30.04,54955,5689,,
05/08/2021 10:11:59,1628169119,-30.26,55081,7653,,
05/08/2021 10:12:29,1628169149,-30.2,55047,7629,,
05/08/2021 10:12:59,1628169179,-30.23,55039,8712,,
05/08/2021 10:13:29,1628169209,-30.26,55011,7363,,
05/08/2021 10:13:59,1628169239,-30.23,55117,5610,,
05/08/2021 10:14:29,1628169269,-30.38,54955,12138,,
05/08/2021 10:14:59,1628169299,-30.13,54871,8555,,
05/08/2021 10:15:29,1628169329,-30.23,55060,13531,,
05/08/2021 10:15:59,1628169359,-30.2,55054,14556,,
05/08/2021 10:16:29,1628169389,-30.04,55103,12997,,
05/08/2021 10:16:59,1628169419,-30.2,55047,11872,,
05/08/2021 10:17:29,1628169449,-30.16,55067,28451,,
05/08/2021 10:17:59,1628169479,-30.35,55047,5378,,
05/08/2021 10:18:29,1628169509,-30.53,54969,13035,,
05/08/2021 10:18:59,1628169539,-30.13,55047,5352,,
05/08/2021 10:19:29,1628169569,-30.2,55067,5443,,
05/08/2021 10:19:59,1628169599,-30.26,55095,7381,,
05/08/2021 10:20:29,1628169629,-30.13,55032,7450,,
05/08/2021 10:20:59,1628169659,-30.1,55088,7431,,
05/08/2021 10:21:30,1628169690,-30.26,55047,17763,,
05/08/2021 10:21:59,1628169719,-30.04,55047,29314,,
05/08/2021 10:22:30,1628169750,-30.1,55004,5439,,
05/08/2021 10:23:00,1628169780,-29.98,55032,18586,,
05/08/2021 10:23:30,1628169810,-30.13,54976,9300,,
05/08/2021 10:24:00,1628169840,-30.07,55088,5403,,
05/08/2021 10:24:30,1628169870,-30.13,54969,17575,,
05/08/2021 10:25:00,1628169900,-30.01,55032,13036,,
05/08/2021 10:25:30,1628169930,-30.29,55067,11312,,
05/08/2021 10:26:00,1628169960,-30.13,55047,9218,,
05/08/2021 10:26:30,1628169990,-30.13,54991,5342,,
05/08/2021 10:28:05,1628170085,-30.13,54991,9229,,
05/08/2021 10:28:35,1628170115,-30.04,55032,12991,,
05/08/2021 10:29:05,1628170145,-30.07,55054,6155,,
05/08/2021 10:29:35,1628170175,-30.13,55060,26187,,
05/08/2021 10:30:05,1628170205,-30.23,55054,7331,,
05/08/2021 10:30:35,1628170235,-30.13,55060,10081,,
05/08/2021 10:31:05,1628170265,-30.23,55054,13012,,
05/08/2021 10:31:35,1628170295,-30.16,55032,14128,,
05/08/2021 10:32:05,1628170325,-30.26,55039,5419,,
05/08/2021 10:32:35,1628170355,-30.29,55018,8058,,
05/08/2021 10:33:05,1628170385,-30.2,55067,15001,,
05/08/2021 10:33:35,1628170415,-30.16,55054,12070,,
05/08/2021 10:34:05,1628170445,-30.2,55054,18981,,
05/08/2021 10:35:40,1628170540,-30.16,55011,10997,,
05/08/2021 10:36:10,1628170570,-30.2,55047,22952,,
05/08/2021 10:36:40,1628170600,-30.32,55054,7988,,
05/08/2021 10:37:10,1628170630,-30.04,54969,7361,,
05/08/2021 10:37:40,1628170660,-30.29,55060,11966,,
05/08/2021 10:38:10,1628170690,-30.26,55004,18912,,
05/08/2021 10:38:40,1628170720,-30.35,55047,12237,,
05/08/2021 10:39:10,1628170750,-30.1,55039,10271,,
05/08/2021 10:39:40,1628170780,-30.26,55047,27039,,
05/08/2021 10:40:10,1628170810,-30.2,55060,5327,,
05/08/2021 10:40:40,1628170840,-30.35,55047,10829,,
05/08/2021 10:41:10,1628170870,-30.26,55032,7844,,
05/08/2021 10:41:40,1628170900,-30.26,55047,12754,,
05/08/2021 10:42:10,1628170930,-30.26,55067,6787,,
05/08/2021 10:42:40,1628170960,-30.1,55004,7388,,
05/08/2021 10:43:10,1628170990,-30.2,55060,7371,,
05/08/2021 10:43:40,1628171020,-30.16,54983,7353,,
05/08/2021 10:44:10,1628171050,-30.32,55054,7336,,
05/08/2021 10:44:40,1628171080,-30.13,55054,7329,,
05/08/2021 10:45:10,1628171110,-30.2,54955,7329,,
05/08/2021 10:45:40,1628171140,-30.47,55067,7605,,
05/08/2021 10:46:10,1628171170,-30.41,55032,7334,,
05/08/2021 10:46:40,1628171200,-30.2,55047,7329,,
05/08/2021 10:47:10,1628171230,-30.1,55018,7331,,
05/08/2021 10:47:40,1628171260,-30.35,55081,7330,,
05/08/2021 10:48:10,1628171290,-30.32,54976,7333,,
05/08/2021 10:48:40,1628171320,-30.26,55047,7331,,
05/08/2021 10:49:10,1628171350,-30.44,55060,7329,,
05/08/2021 10:49:40,1628171380,-30.32,55054,7328,,
05/08/2021 10:50:10,1628171410,-30.13,55060,7329,,
05/08/2021 10:50:40,1628171440,-30.29,55088,5330,,
05/08/2021 10:51:11,1628171471,-30.32,55018,5340,,
05/08/2021 10:51:41,1628171501,-30.16,55060,7330,,
05/08/2021 10:52:11,1628171531,-30.23,55095,7330,,
05/08/2021 10:52:41,1628171561,-30.23,55067,7331,,
05/08/2021 10:53:11,1628171591,-30.29,55018,10842,,
05/08/2021 10:53:41,1628171621,-30.29,55039,7329,,
05/08/2021 10:54:11,1628171651,-30.23,55081,7329,,
05/08/2021 10:54:41,1628171681,-30.2,55047,7331,,
05/08/2021 10:55:11,1628171711,-30.38,55054,7332,,
05/08/2021 10:55:41,1628171741,-30.32,55088,7337,,
05/08/2021 10:56:11,1628171771,-30.26,54998,7331,,
05/08/2021 10:56:41,1628171801,-30.32,55018,5331,,
05/08/2021 10:57:11,1628171831,-30.13,55054,7335,,
05/08/2021 10:57:41,1628171861,-30.35,55060,7329,,
05/08/2021 10:58:11,1628171891,-30.16,55054,7327,,
05/08/2021 10:58:41,1628171921,-30.38,55060,7388,,
05/08/2021 10:59:11,1628171951,-30.5,54998,7370,,
05/08/2021 10:59:41,1628171981,-30.38,55067,7328,,
05/08/2021 11:00:11,1628172011,-30.32,55054,7330,,
05/08/2021 11:00:41,1628172041,-30.16,55060,7330,,
05/08/2021 11:01:11,1628172071,-30.29,55103,7384,,
05/08/2021 11:01:41,1628172101,-30.26,54991,7329,,
05/08/2021 11:02:11,1628172131,-30.35,55088,7330,,
05/08/2021 11:02:41,1628172161,-30.23,54998,7329,,
05/08/2021 11:03:11,1628172191,-30.47,55039,7349,,
05/08/2021 11:03:41,1628172221,-30.35,55060,7436,,
05/08/2021 11:04:11,1628172251,-30.44,54969,5370,,
05/08/2021 11:04:41,1628172281,-30.32,55032,7402,,
05/08/2021 11:05:11,1628172311,-30.35,55067,7339,,
05/08/2021 11:05:41,1628172341,-30.47,55032,7371,,
05/08/2021 11:06:11,1628172371,-30.5,55088,7355,,
05/08/2021 11:06:41,1628172401,-30.29,55054,7339,,
05/08/2021 11:07:11,1628172431,-30.38,55074,7425,,
05/08/2021 11:07:41,1628172461,-30.35,54991,10278,,
05/08/2021 11:08:11,1628172491,-30.35,54998,7393,,
05/08/2021 11:08:41,1628172521,-30.47,55074,5433,,
05/08/2021 11:09:11,1628172551,-30.38,55074,7363,,
05/08/2021 11:09:41,1628172581,-30.38,55095,7347,,
05/08/2021 11:10:11,1628172611,-30.32,55018,7433,,
05/08/2021 11:10:41,1628172641,-30.29,55060,7417,,
05/08/2021 11:11:11,1628172671,-30.41,55081,7342,,
05/08/2021 11:11:41,1628172701,-30.44,55047,7384,,
05/08/2021 11:12:11,1628172731,-30.35,55081,7330,,
05/08/2021 11:12:41,1628172761,-30.32,55011,7358,,
05/08/2021 11:13:11,1628172791,-30.26,55110,7336,,
05/08/2021 11:13:41,1628172821,-30.38,55067,5382,,
05/08/2021 11:14:11,1628172851,-30.32,55103,7330,,
05/08/2021 11:14:41,1628172881,-30.38,55081,7390,,
05/08/2021 11:15:11,1628172911,-30.13,55081,7377,,
05/08/2021 11:15:41,1628172941,-30.41,54998,7360,,
05/08/2021 11:16:11,1628172971,-30.29,55067,7344,,
05/08/2021 11:16:41,1628173001,-30.38,55095,5384,,
05/08/2021 11:17:12,1628173032,-30.38,54983,7527,,
05/08/2021 11:17:42,1628173062,-30.26,55032,7336,,
05/08/2021 11:18:12,1628173092,-30.44,55067,7387,,
05/08/2021 11:18:42,1628173122,-30.41,55088,7370,,
05/08/2021 11:19:12,1628173152,-30.38,55032,7357,,
05/08/2021 11:19:42,1628173182,-30.44,55110,7340,,
05/08/2021 11:20:12,1628173212,-30.35,55074,7328,,
05/08/2021 11:20:42,1628173242,-30.2,55103,7410,,
05/08/2021 11:21:12,1628173272,-30.2,55081,7395,,
05/08/2021 11:21:42,1628173302,-30.38,55117,7330,,
05/08/2021 11:22:12,1628173332,-30.35,55110,7362,,
05/08/2021 11:22:42,1628173362,-30.35,55018,7347,,
05/08/2021 11:23:12,1628173392,-30.56,55054,5385,,
05/08/2021 11:23:42,1628173422,-30.41,55110,5369,,
05/08/2021 11:24:12,1628173452,-30.32,55173,7333,,
05/08/2021 11:24:42,1628173482,-30.44,55130,8307,,
05/08/2021 11:25:12,1628173512,-30.35,55110,11365,,
05/08/2021 11:25:42,1628173542,-30.29,55095,8276,,
05/08/2021 11:26:12,1628173572,-30.53,55123,7346,,
05/08/2021 11:26:42,1628173602,-30.29,55103,7426,,
05/08/2021 11:27:12,1628173632,-30.44,55074,7412,,
05/08/2021 11:27:42,1628173662,-30.47,55110,7397,,
05/08/2021 11:28:12,1628173692,-30.32,55110,5432,,
05/08/2021 11:28:42,1628173722,-30.53,55074,7327,,
05/08/2021 11:29:12,1628173752,-30.47,55103,7347,,
05/08/2021 11:29:42,1628173782,-30.38,55123,7431,,
05/08/2021 11:30:12,1628173812,-30.5,55166,7416,,
05/08/2021 11:30:42,1628173842,-30.47,55117,7401,,
05/08/2021 11:31:12,1628173872,-30.56,55130,7392,,
05/08/2021 11:31:42,1628173902,-30.23,55047,7385,,
05/08/2021 11:32:12,1628173932,-30.53,55144,5408,,
05/08/2021 11:32:42,1628173962,-30.5,55117,9078,,
05/08/2021 11:33:12,1628173992,-30.5,55103,7426,,
05/08/2021 11:33:42,1628174022,-30.53,55130,7410,,
05/08/2021 11:34:12,1628174052,-30.32,55144,7396,,
05/08/2021 11:34:42,1628174082,-30.41,55130,7378,,
05/08/2021 11:35:12,1628174112,-30.62,55151,7365,,
05/08/2021 11:35:42,1628174142,-30.47,55110,7349,,
05/08/2021 11:36:12,1628174172,-30.44,55110,5386,,
05/08/2021 11:36:42,1628174202,-30.62,55166,7419,,
05/08/2021 11:37:12,1628174232,-30.53,55222,7402,,
05/08/2021 11:37:42,1628174262,-30.32,55144,5342,,
05/08/2021 11:38:12,1628174292,-30.62,55151,7371,,
05/08/2021 11:38:42,1628174322,-30.47,55144,7355,,
05/08/2021 11:39:12,1628174352,-30.74,55166,5393,,
05/08/2021 11:39:42,1628174382,-30.56,55117,7327,,
05/08/2021 11:40:12,1628174412,-30.68,55151,5361,,
05/08/2021 11:40:42,1628174442,-30.77,55103,7332,,
05/08/2021 11:41:12,1628174472,-30.71,55117,5741,,
05/08/2021 11:41:42,1628174502,-30.65,55222,8708,,
05/08/2021 11:42:12,1628174532,-30.38,55074,7344,,
05/08/2021 11:42:42,1628174562,-30.56,55144,7626,,
05/08/2021 11:43:13,1628174593,-30.5,55088,5368,,
05/08/2021 11:43:43,1628174623,-30.53,55159,5762,,
05/08/2021 11:44:13,1628174653,-30.44,55173,5439,,
05/08/2021 11:44:43,1628174683,-30.68,55110,8376,,
05/08/2021 11:45:13,1628174713,-30.53,55159,7352,,
05/08/2021 11:45:43,1628174743,-30.59,55144,7441,,
05/08/2021 11:46:13,1628174773,-30.71,55151,7425,,
05/08/2021 11:46:43,1628174803,-30.74,55173,5330,,
05/08/2021 11:47:13,1628174833,-30.59,55151,7393,,
05/08/2021 11:47:43,1628174863,-30.47,55144,5429,,
05/08/2021 11:48:13,1628174893,-30.74,55166,7372,,
05/08/2021 11:48:43,1628174923,-30.56,55137,7354,,
05/08/2021 11:49:13,1628174953,-30.65,55137,7430,,
05/08/2021 11:49:43,1628174983,-30.81,55159,9367,,
05/08/2021 11:50:13,1628175013,-30.62,55088,7399,,
05/08/2021 11:50:43,1628175043,-30.77,55103,5438,,
05/08/2021 11:51:13,1628175073,-30.74,55159,8495,,
05/08/2021 11:51:43,1628175103,-30.59,55117,5406,,
05/08/2021 11:52:13,1628175133,-30.71,55179,8461,,
05/08/2021 11:52:43,1628175163,-30.53,55173,7422,,
05/08/2021 11:53:13,1628175193,-30.74,55144,5367,,
05/08/2021 11:53:43,1628175223,-30.74,55103,7398,,
05/08/2021 11:54:13,1628175253,-30.9,55166,7372,,
05/08/2021 11:54:43,1628175283,-30.62,55159,7663,,
05/08/2021 11:55:13,1628175313,-30.59,55151,7448,,
05/08/2021 11:55:43,1628175343,-30.81,55123,8253,,
05/08/2021 11:56:13,1628175373,-30.71,55130,7422,,
05/08/2021 11:56:43,1628175403,-30.81,55151,5357,,
05/08/2021 11:57:13,1628175433,-30.53,55130,7385,,
05/08/2021 11:57:43,1628175463,-30.87,55095,7366,,
05/08/2021 11:58:13,1628175493,-30.53,55117,7354,,
05/08/2021 11:58:43,1628175523,-30.65,55186,7436,,
05/08/2021 11:59:13,1628175553,-30.74,55137,7424,,
05/08/2021 11:59:43,1628175583,-30.84,55179,7407,,
05/08/2021 12:00:13,1628175613,-30.81,55166,5346,,
05/08/2021 12:00:43,1628175643,-30.84,55179,5430,,
05/08/2021 12:01:13,1628175673,-30.93,55151,5416,,
05/08/2021 12:01:43,1628175703,-30.84,55193,7345,,
05/08/2021 12:02:13,1628175733,-30.62,55166,7432,,
05/08/2021 12:02:43,1628175763,-30.71,55200,7417,,
05/08/2021 12:03:13,1628175793,-30.71,55179,5353,,
05/08/2021 12:03:43,1628175823,-30.71,55123,7386,,
05/08/2021 12:04:13,1628175853,-30.81,55186,7371,,
05/08/2021 12:04:43,1628175883,-30.71,55200,7362,,
05/08/2021 12:05:13,1628175913,-30.68,55173,7442,,
05/08/2021 12:05:43,1628175943,-30.74,55179,7426,,
05/08/2021 12:06:13,1628175973,-30.44,55186,7416,,
05/08/2021 12:06:43,1628176003,-31.02,55200,5352,,
05/08/2021 12:07:13,1628176033,-30.81,55117,7380,,
05/08/2021 12:08:13,1628176093,-30.71,55215,5918,,
05/08/2021 12:08:43,1628176123,-30.71,55207,7432,,
05/08/2021 12:09:13,1628176153,-30.87,55166,7555,,
05/08/2021 12:09:44,1628176184,-30.71,55159,5351,,
05/08/2021 12:10:14,1628176214,-30.9,55151,7383,,
05/08/2021 12:10:44,1628176244,-30.68,55235,7367,,
05/08/2021 12:11:14,1628176274,-30.74,55179,5406,,
05/08/2021 12:11:44,1628176304,-30.87,55144,8347,,
05/08/2021 12:12:14,1628176334,-30.77,55166,7421,,
05/08/2021 12:12:44,1628176364,-30.77,55193,7404,,
05/08/2021 12:13:14,1628176394,-30.84,55222,7389,,
05/08/2021 12:13:44,1628176424,-30.87,55193,7380,,
05/08/2021 12:14:14,1628176454,-30.74,55242,7359,,
05/08/2021 12:14:44,1628176484,-30.87,55166,7345,,
05/08/2021 12:15:14,1628176514,-30.84,55215,7431,,
05/08/2021 12:15:44,1628176544,-30.71,55130,7414,,
05/08/2021 12:16:14,1628176574,-31.02,55200,7398,,
05/08/2021 12:16:44,1628176604,-30.68,55186,7387,,
05/08/2021 12:17:14,1628176634,-31.02,55207,7375,,
05/08/2021 12:17:44,1628176664,-30.77,55179,7352,,
05/08/2021 12:18:14,1628176694,-30.87,55200,8567,,
05/08/2021 12:18:44,1628176724,-30.87,55215,7423,,
05/08/2021 12:19:14,1628176754,-31.02,55186,7331,,
05/08/2021 12:19:44,1628176784,-30.93,55222,7507,,
05/08/2021 12:20:14,1628176814,-31.02,55179,7376,,
05/08/2021 12:20:44,1628176844,-30.71,55103,7484,,
05/08/2021 12:21:14,1628176874,-30.96,55137,7343,,
05/08/2021 12:21:44,1628176904,-30.99,55193,5381,,
05/08/2021 12:22:14,1628176934,-30.84,55179,7418,,
05/08/2021 12:22:44,1628176964,-31.02,55137,8563,,
05/08/2021 12:23:14,1628176994,-30.99,55186,7391,,
05/08/2021 12:23:44,1628177024,-30.99,55215,5426,,
05/08/2021 12:24:14,1628177054,-30.84,55200,7358,,
05/08/2021 12:24:44,1628177084,-30.87,55166,7449,,
05/08/2021 12:25:14,1628177114,-31.02,55173,7428,,
05/08/2021 12:25:44,1628177144,-30.87,55151,7417,,
05/08/2021 12:26:14,1628177174,-30.9,55235,7329,,
05/08/2021 12:26:44,1628177204,-31.05,55235,5435,,
05/08/2021 12:27:14,1628177234,-30.99,55200,7339,,
05/08/2021 12:27:44,1628177264,-31.08,55215,5402,,
05/08/2021 12:28:14,1628177294,-30.77,55103,7434,,
05/08/2021 12:28:44,1628177324,-30.77,55173,7414,,
05/08/2021 12:29:14,1628177354,-31.17,55291,7330,,
05/08/2021 12:29:44,1628177384,-30.96,55271,7381,,
05/08/2021 12:30:14,1628177414,-31.08,55207,7368,,
05/08/2021 12:30:44,1628177444,-30.87,55242,7353,,
05/08/2021 12:31:14,1628177474,-31.14,55200,7440,,
05/08/2021 12:31:44,1628177504,-31.14,55215,5376,,
05/08/2021 12:32:14,1628177534,-30.96,55305,7411,,
05/08/2021 12:32:44,1628177564,-31.17,55193,5341,,
05/08/2021 12:33:14,1628177594,-31.02,55263,7993,,
05/08/2021 12:33:44,1628177624,-31.26,55173,7356,,
05/08/2021 12:34:15,1628177655,-31.02,55222,8066,,
05/08/2021 12:34:45,1628177685,-31.17,55242,5380,,
05/08/2021 12:35:15,1628177715,-31.2,55312,7422,,
05/08/2021 12:35:45,1628177745,-31.42,55222,5367,,
05/08/2021 12:36:15,1628177775,-31.14,55235,7397,,
05/08/2021 12:37:15,1628177835,-31.23,55117,7351,,
05/08/2021 12:37:45,1628177865,-31.32,55278,7440,,
05/08/2021 12:38:15,1628177895,-31.23,55242,7428,,
05/08/2021 12:38:45,1628177925,-31.23,55130,7411,,
05/08/2021 12:39:15,1628177955,-31.35,55235,7395,,
05/08/2021 12:39:45,1628177985,-31.29,55151,7382,,
05/08/2021 12:40:15,1628178015,-31.2,55215,7363,,
05/08/2021 12:40:45,1628178045,-30.9,55103,7348,,
05/08/2021 12:41:15,1628178075,-31.14,55179,7435,,
05/08/2021 12:41:45,1628178105,-31.42,55291,7415,,
05/08/2021 12:42:15,1628178135,-31.39,55263,5871,,
05/08/2021 12:42:45,1628178165,-31.45,55249,5333,,
05/08/2021 12:43:15,1628178195,-31.23,55235,7342,,
05/08/2021 12:43:45,1628178225,-30.99,55004,7353,,
05/08/2021 12:44:15,1628178255,-31.42,55222,5402,,
05/08/2021 12:44:45,1628178285,-31.2,55215,7431,,
05/08/2021 12:45:15,1628178315,-31.29,55193,7505,,
05/08/2021 12:45:45,1628178345,-31.32,55242,7394,,
05/08/2021 12:46:15,1628178375,-31.26,55278,7375,,
05/08/2021 12:46:45,1628178405,-31.35,55242,7360,,
05/08/2021 12:47:15,1628178435,-31.26,55242,5578,,
05/08/2021 12:47:45,1628178465,-31.48,55263,7429,,
05/08/2021 12:48:15,1628178495,-31.35,55242,7418,,
05/08/2021 12:48:45,1628178525,-31.29,55018,7398,,
05/08/2021 12:49:15,1628178555,-31.48,55186,7380,,
05/08/2021 12:49:45,1628178585,-31.32,55278,7369,,
05/08/2021 12:50:15,1628178615,-31.32,55271,7354,,
05/08/2021 12:50:45,1628178645,-31.39,55271,7436,,
05/08/2021 12:51:15,1628178675,-31.42,55298,6395,,
05/08/2021 12:51:45,1628178705,-31.2,55173,9654,,
05/08/2021 12:52:15,1628178735,-31.32,55186,7395,,
05/08/2021 12:52:45,1628178765,-31.32,55193,7374,,
05/08/2021 12:53:15,1628178795,-31.39,55249,7358,,
05/08/2021 12:53:45,1628178825,-31.51,55229,7342,,
05/08/2021 12:54:15,1628178855,-31.29,55004,8351,,
05/08/2021 12:54:45,1628178885,-31.48,55166,7413,,
05/08/2021 12:55:15,1628178915,-31.45,55151,7331,,
05/08/2021 12:55:45,1628178945,-31.35,55222,7391,,
05/08/2021 12:56:15,1628178975,-31.54,55271,7370,,
05/08/2021 12:56:46,1628179006,-31.45,55200,9339,,
05/08/2021 12:57:15,1628179035,-31.35,55242,7437,,
05/08/2021 12:57:45,1628179065,-31.45,55215,7420,,
05/08/2021 12:58:15,1628179095,-31.51,55249,5358,,
05/08/2021 12:58:45,1628179125,-31.48,55341,7391,,
05/08/2021 12:59:15,1628179155,-31.54,55263,7378,,
05/08/2021 12:59:46,1628179186,-31.48,55285,7358,,
05/08/2021 13:00:16,1628179216,-31.48,55305,5408,,
05/08/2021 13:00:46,1628179246,-31.66,55229,7435,,
05/08/2021 13:01:16,1628179276,-31.54,55242,7423,,
05/08/2021 13:01:46,1628179306,-31.51,55242,7413,,
05/08/2021 13:02:16,1628179336,-31.54,55200,7381,,
05/08/2021 13:02:46,1628179366,-31.63,55173,7379,,
05/08/2021 13:03:16,1628179396,-31.54,55067,7355,,
05/08/2021 13:03:46,1628179426,-31.6,55207,7442,,
05/08/2021 13:04:16,1628179456,-31.48,55215,5379,,
05/08/2021 13:04:46,1628179486,-31.72,55179,7411,,
05/08/2021 13:05:16,1628179516,-31.66,55249,7395,,
05/08/2021 13:05:46,1628179546,-31.63,55222,7384,,
05/08/2021 13:06:16,1628179576,-31.57,55271,7881,,
05/08/2021 13:06:46,1628179606,-31.51,55249,7344,,
05/08/2021 13:07:16,1628179636,-31.35,55060,7432,,
05/08/2021 13:07:46,1628179666,-31.69,55249,7420,,
05/08/2021 13:08:16,1628179696,-31.63,55298,7399,,
05/08/2021 13:08:46,1628179726,-31.57,55179,7383,,
05/08/2021 13:09:16,1628179756,-31.63,55235,7368,,
05/08/2021 13:09:46,1628179786,-31.54,55222,7353,,
05/08/2021 13:10:16,1628179816,-31.57,55285,10299,,
05/08/2021 13:10:46,1628179846,-31.54,55271,7426,,
05/08/2021 13:11:16,1628179876,-31.75,55291,7410,,
05/08/2021 13:11:46,1628179906,-31.6,55242,5348,,
05/08/2021 13:12:16,1628179936,-31.81,55285,7375,,
05/08/2021 13:12:46,1628179966,-31.84,55249,7560,,
05/08/2021 13:13:16,1628179996,-31.72,55249,7343,,
05/08/2021 13:13:46,1628180026,-31.84,55263,8346,,
05/08/2021 13:14:16,1628180056,-31.72,55271,8345,,
05/08/2021 13:14:46,1628180086,-31.69,55249,7411,,
05/08/2021 13:15:16,1628180116,-31.78,55235,7384,,
05/08/2021 13:15:46,1628180146,-31.84,55235,7369,,
05/08/2021 13:16:16,1628180176,-31.97,55249,7352,,
05/08/2021 13:16:46,1628180206,-31.81,55229,7437,,
05/08/2021 13:17:16,1628180236,-32.06,55249,7422,,
05/08/2021 13:17:46,1628180266,-31.78,55235,7405,,
05/08/2021 13:18:16,1628180296,-31.9,55263,7389,,
05/08/2021 13:18:46,1628180326,-32.03,55278,7479,,
05/08/2021 13:19:16,1628180356,-31.9,55263,7358,,
05/08/2021 13:19:46,1628180386,-31.93,55249,9390,,
05/08/2021 13:20:16,1628180416,-32.09,55263,7441,,
05/08/2021 13:20:46,1628180446,-32.15,55166,7423,,
05/08/2021 13:21:16,1628180476,-31.9,55193,7404,,
05/08/2021 13:21:46,1628180506,-32.09,55285,7384,,
05/08/2021 13:22:16,1628180536,-32.03,55222,7368,,
05/08/2021 13:22:46,1628180566,-31.97,55278,5408,,
05/08/2021 13:23:16,1628180596,-32.12,55312,7438,,
05/08/2021 13:23:47,1628180627,-32.06,55298,7424,,
05/08/2021 13:24:16,1628180656,-32.06,55235,5366,,
05/08/2021 13:24:46,1628180686,-32,55291,8359,,
05/08/2021 13:25:16,1628180716,-31.84,55271,7378,,
05/08/2021 13:25:47,1628180747,-31.9,55271,7362,,
05/08/2021 13:26:17,1628180777,-32.06,55298,5400,,
05/08/2021 13:26:47,1628180807,-31.97,55285,7439,,
05/08/2021 13:27:17,1628180837,-32,55361,7427,,
05/08/2021 13:27:47,1628180867,-32.06,55298,7407,,
05/08/2021 13:28:17,1628180897,-32,55312,5339,,
05/08/2021 13:29:17,1628180957,-32.03,55285,7357,,
05/08/2021 13:29:47,1628180987,-32,55278,7354,,
05/08/2021 13:30:17,1628181017,-32.09,55312,7425,,
05/08/2021 13:30:47,1628181047,-32.21,55305,7419,,
05/08/2021 13:31:17,1628181077,-32.27,55334,8409,,
05/08/2021 13:31:47,1628181107,-32.12,55291,7889,,
05/08/2021 13:32:17,1628181137,-32.27,55312,7369,,
05/08/2021 13:32:47,1628181167,-32.21,55285,8074,,
05/08/2021 13:33:17,1628181197,-32.3,55312,7438,,
05/08/2021 13:33:47,1628181227,-32.12,55285,7422,,
05/08/2021 13:34:17,1628181257,-32.06,55305,7345,,
05/08/2021 13:34:47,1628181287,-32.24,55271,7390,,
05/08/2021 13:35:17,1628181317,-32.09,55327,7374,,
05/08/2021 13:35:47,1628181347,-32.24,55305,7359,,
05/08/2021 13:36:17,1628181377,-32.3,55312,5395,,
05/08/2021 13:36:47,1628181407,-32.18,55341,5380,,
05/08/2021 13:37:17,1628181437,-32.06,55278,7340,,
05/08/2021 13:37:47,1628181467,-32.21,55298,5860,,
05/08/2021 13:38:17,1628181497,-32.3,55341,7385,,
05/08/2021 13:38:47,1628181527,-32.15,55312,8801,,
05/08/2021 13:39:17,1628181557,-32.36,55383,5419,,
05/08/2021 13:39:47,1628181587,-32.33,55291,7849,,
05/08/2021 13:40:17,1628181617,-32.33,55354,7830,,
05/08/2021 13:40:47,1628181647,-32.39,55305,5362,,
05/08/2021 13:41:17,1628181677,-32.27,55354,7384,,
05/08/2021 13:41:47,1628181707,-32.3,55285,7779,,
05/08/2021 13:42:17,1628181737,-32.39,55341,5408,,
05/08/2021 13:42:47,1628181767,-32.36,55375,5393,,
05/08/2021 13:43:17,1628181797,-32.15,55222,7733,,
05/08/2021 13:43:47,1628181827,-32.33,55291,7717,,
05/08/2021 13:44:17,1628181857,-32.33,55298,5353,,
05/08/2021 13:44:47,1628181887,-32.3,55285,7377,,
05/08/2021 13:45:17,1628181917,-32.27,55334,7362,,
05/08/2021 13:45:47,1628181947,-32.36,55354,5403,,
05/08/2021 13:46:17,1628181977,-32.61,55361,5387,,
05/08/2021 13:46:47,1628182007,-32.45,55298,7469,,
05/08/2021 13:47:17,1628182037,-32.3,55334,7447,,
05/08/2021 13:47:47,1628182067,-32.54,55305,5342,,
05/08/2021 13:48:17,1628182097,-32.33,55298,7483,,
05/08/2021 13:48:47,1628182127,-32.18,55285,7398,,
05/08/2021 13:49:17,1628182157,-32.45,55305,8401,,
05/08/2021 13:49:47,1628182187,-32.51,55361,7540,,
05/08/2021 13:50:17,1628182217,-32.51,55298,8438,,
05/08/2021 13:50:47,1628182247,-32.51,55368,7401,,
05/08/2021 13:51:17,1628182277,-32.36,55229,9442,,
05/08/2021 13:51:47,1628182307,-32.61,55319,8384,,
05/08/2021 13:52:18,1628182338,-32.61,55285,7347,,
05/08/2021 13:52:48,1628182368,-32.61,55312,8455,,
05/08/2021 13:53:18,1628182398,-32.45,55291,8439,,
05/08/2021 13:53:48,1628182428,-32.39,55285,8409,,
05/08/2021 13:54:18,1628182458,-32.61,55298,7387,,
05/08/2021 13:54:48,1628182488,-32.45,55285,5525,,
05/08/2021 13:55:18,1628182518,-32.42,55305,12280,,
05/08/2021 13:55:48,1628182548,-32.54,55291,7350,,
05/08/2021 13:56:18,1628182578,-32.64,55348,7467,,
05/08/2021 13:56:48,1628182608,-32.27,55011,7413,,
05/08/2021 13:57:18,1628182638,-32.61,55215,8216,,
05/08/2021 13:57:48,1628182668,-32.27,55271,7379,,
05/08/2021 13:58:18,1628182698,-32.64,55298,7364,,
05/08/2021 13:58:48,1628182728,-32.45,55291,7347,,
05/08/2021 13:59:18,1628182758,-32.61,55327,9380,,
05/08/2021 13:59:48,1628182788,-32.51,55298,9367,,
05/08/2021 14:00:18,1628182818,-32.58,55291,8127,,
05/08/2021 14:00:48,1628182848,-32.64,55312,7390,,
05/08/2021 14:01:18,1628182878,-32.54,55327,8200,,
05/08/2021 14:01:48,1628182908,-32.64,55334,10421,,
05/08/2021 14:02:18,1628182938,-32.33,55319,7445,,
05/08/2021 14:02:48,1628182968,-32.61,55312,7444,,
05/08/2021 14:03:18,1628182998,-32.51,55298,7422,,
05/08/2021 14:03:48,1628183028,-32.45,55103,10885,,
05/08/2021 14:04:18,1628183058,-32.64,55361,7382,,
05/08/2021 14:04:48,1628183088,-32.67,55249,7367,,
05/08/2021 14:05:18,1628183118,-32.58,55285,7372,,
05/08/2021 14:05:48,1628183148,-32.76,55417,7533,,
05/08/2021 14:06:18,1628183178,-32.76,55368,7527,,
05/08/2021 14:07:18,1628183238,-32.48,55179,7399,,
05/08/2021 14:07:48,1628183268,-32.88,55263,7886,,
05/08/2021 14:08:18,1628183298,-32.82,55361,7361,,
05/08/2021 14:08:48,1628183328,-32.76,55404,7449,,
05/08/2021 14:09:18,1628183358,-32.64,55327,5577,,
05/08/2021 14:09:48,1628183388,-32.64,55319,7409,,
05/08/2021 14:10:18,1628183418,-32.58,55263,7391,,
05/08/2021 14:10:48,1628183448,-32.73,55285,7475,,
05/08/2021 14:11:18,1628183478,-32.54,55312,7330,,
05/08/2021 14:11:48,1628183508,-32.73,55390,7349,,
05/08/2021 14:12:18,1628183538,-32.51,55144,7429,,
05/08/2021 14:12:48,1628183568,-32.64,55383,7413,,
05/08/2021 14:13:18,1628183598,-32.64,55383,7398,,
05/08/2021 14:13:48,1628183628,-32.76,55509,7384,,
05/08/2021 14:14:18,1628183658,-32.51,55327,7366,,
05/08/2021 14:14:48,1628183688,-32.73,55397,7359,,
05/08/2021 14:15:18,1628183718,-32.58,55375,7651,,
05/08/2021 14:15:48,1628183748,-32.64,55319,7429,,
05/08/2021 14:16:18,1628183778,-32.76,55439,7416,,
05/08/2021 14:16:48,1628183808,-32.79,55431,7395,,
05/08/2021 14:17:18,1628183838,-32.73,55354,7373,,
05/08/2021 14:17:48,1628183868,-32.73,55354,7357,,
05/08/2021 14:18:18,1628183898,-32.88,55319,7340,,
05/08/2021 14:18:48,1628183928,-32.7,55348,7432,,
05/08/2021 14:19:18,1628183958,-32.67,55305,7410,,
05/08/2021 14:19:48,1628183988,-32.67,55404,7398,,
05/08/2021 14:20:18,1628184018,-32.94,55397,7379,,
05/08/2021 14:20:48,1628184048,-32.67,55354,7367,,
05/08/2021 14:21:18,1628184078,-32.82,55410,7346,,
05/08/2021 14:21:49,1628184109,-32.67,55341,10916,,
05/08/2021 14:22:19,1628184139,-32.85,55397,7425,,
05/08/2021 14:22:49,1628184169,-32.85,55319,7405,,
05/08/2021 14:23:19,1628184199,-33.12,55410,7390,,
05/08/2021 14:23:49,1628184229,-32.85,55354,7373,,
05/08/2021 14:24:19,1628184259,-32.88,55341,7355,,
05/08/2021 14:24:49,1628184289,-32.76,55368,8261,,
05/08/2021 14:25:19,1628184319,-32.82,55383,8248,,
05/08/2021 14:25:49,1628184349,-32.85,55341,7411,,
05/08/2021 14:26:19,1628184379,-32.79,55334,7415,,
05/08/2021 14:26:49,1628184409,-32.91,55368,7381,,
05/08/2021 14:27:19,1628184439,-32.94,55327,7362,,
05/08/2021 14:27:49,1628184469,-32.82,55319,7347,,
05/08/2021 14:28:19,1628184499,-32.91,55348,7432,,
05/08/2021 14:28:49,1628184529,-32.97,55348,7420,,
05/08/2021 14:29:19,1628184559,-32.85,55341,7404,,
05/08/2021 14:29:49,1628184589,-32.82,55368,9333,,
05/08/2021 14:30:19,1628184619,-32.88,55348,7372,,
05/08/2021 14:30:49,1628184649,-32.76,55334,7353,,
05/08/2021 14:31:19,1628184679,-32.91,55334,7538,,
05/08/2021 14:31:49,1628184709,-32.79,55361,5377,,
05/08/2021 14:32:19,1628184739,-32.76,55354,8021,,
05/08/2021 14:32:49,1628184769,-32.97,55334,7394,,
05/08/2021 14:33:19,1628184799,-32.85,55368,7377,,
05/08/2021 14:33:49,1628184829,-32.97,55319,7366,,
05/08/2021 14:34:19,1628184859,-32.79,55354,7347,,
05/08/2021 14:34:49,1628184889,-32.91,55368,7435,,
05/08/2021 14:35:19,1628184919,-32.88,55334,12003,,
05/08/2021 14:35:49,1628184949,-33,55348,7928,,
05/08/2021 14:36:19,1628184979,-32.85,55341,5697,,
05/08/2021 14:36:49,1628185009,-32.79,55361,7400,,
05/08/2021 14:37:19,1628185039,-33.19,55348,5408,,
05/08/2021 14:37:49,1628185069,-32.94,55312,7348,,
05/08/2021 14:38:19,1628185099,-32.97,55354,7424,,
05/08/2021 14:38:49,1628185129,-32.88,55341,7407,,
05/08/2021 14:39:19,1628185159,-32.88,55305,7393,,
05/08/2021 14:39:49,1628185189,-32.85,55361,7378,,
05/08/2021 14:40:19,1628185219,-32.85,55334,7333,,
05/08/2021 14:40:49,1628185249,-32.88,55327,7342,,
05/08/2021 14:41:19,1628185279,-32.97,55341,7441,,
05/08/2021 14:41:49,1628185309,-32.97,55341,8421,,
05/08/2021 14:42:19,1628185339,-32.91,55341,5390,,
05/08/2021 14:42:49,1628185369,-32.91,55368,7398,,
05/08/2021 14:43:19,1628185399,-32.97,55341,7373,,
05/08/2021 14:43:49,1628185429,-32.97,55334,5622,,
05/08/2021 14:44:19,1628185459,-32.94,55383,5397,,
05/08/2021 14:44:49,1628185489,-33,55334,5373,,
05/08/2021 14:45:19,1628185519,-32.97,55341,7334,,
05/08/2021 14:45:49,1628185549,-33.09,55354,7393,,
05/08/2021 14:46:19,1628185579,-33.16,55341,5427,,
05/08/2021 14:46:49,1628185609,-32.91,55348,7359,,
05/08/2021 14:47:19,1628185639,-32.97,55361,5396,,
05/08/2021 14:47:49,1628185669,-32.91,55368,7428,,
05/08/2021 14:48:19,1628185699,-33,55341,7516,,
05/08/2021 14:48:49,1628185729,-33.25,55383,7397,,
05/08/2021 14:49:20,1628185760,-32.88,55334,7384,,
05/08/2021 14:49:50,1628185790,-32.85,55327,8385,,
05/08/2021 14:50:20,1628185820,-33,55334,5405,,
05/08/2021 14:50:50,1628185850,-33,55348,7435,,
05/08/2021 14:51:20,1628185880,-33.09,55334,7419,,
05/08/2021 14:51:50,1628185910,-32.97,55341,7329,,
05/08/2021 14:52:20,1628185940,-33.03,55390,7588,,
05/08/2021 14:52:50,1628185970,-33.19,55446,7371,,
05/08/2021 14:53:20,1628186000,-33.12,55390,7357,,
05/08/2021 14:53:50,1628186030,-33.12,55354,7340,,
05/08/2021 14:54:20,1628186060,-33.22,55390,8253,,
05/08/2021 14:54:50,1628186090,-33.16,55334,7411,,
05/08/2021 14:55:20,1628186120,-33.06,55383,8338,,
05/08/2021 14:55:50,1628186150,-33.12,55312,7379,,
05/08/2021 14:56:20,1628186180,-33.16,55354,7364,,
05/08/2021 14:56:50,1628186210,-33.19,55327,7349,,
05/08/2021 14:57:20,1628186240,-33.28,55383,7448,,
05/08/2021 14:57:50,1628186270,-33.22,55354,7444,,
05/08/2021 14:58:20,1628186300,-33.16,55348,7403,,
05/08/2021 14:58:50,1628186330,-33.22,55327,7330,,
05/08/2021 14:59:20,1628186360,-33.46,55375,7482,,
05/08/2021 14:59:50,1628186390,-33.22,55291,7357,,
05/08/2021 15:00:20,1628186420,-33.19,55361,7347,,
05/08/2021 15:00:50,1628186450,-33.19,55417,8046,,
05/08/2021 15:01:20,1628186480,-33.16,55368,5365,,
05/08/2021 15:01:50,1628186510,-33.09,55404,7397,,
05/08/2021 15:02:20,1628186540,-33.25,55348,7398,,
05/08/2021 15:02:50,1628186570,-33.19,55263,7364,,
05/08/2021 15:03:20,1628186600,-33.37,55397,8884,,
05/08/2021 15:03:50,1628186630,-33.03,55341,7435,,
05/08/2021 15:04:20,1628186660,-33.16,55341,7421,,
05/08/2021 15:04:50,1628186690,-33.19,55361,7407,,
05/08/2021 15:05:20,1628186720,-33,55354,7392,,
05/08/2021 15:05:50,1628186750,-33.19,55361,7372,,
05/08/2021 15:06:20,1628186780,-33.28,55361,7357,,
05/08/2021 15:06:51,1628186811,-33.25,55383,7851,,
05/08/2021 15:07:20,1628186840,-33.25,55424,7427,,
05/08/2021 15:07:50,1628186870,-33.19,55368,7332,,
05/08/2021 15:08:20,1628186900,-33.12,55305,7396,,
05/08/2021 15:08:51,1628186931,-33.06,55291,7378,,
05/08/2021 15:09:21,1628186961,-33.16,55327,10845,,
05/08/2021 15:09:51,1628186991,-33.19,55404,7348,,
05/08/2021 15:10:21,1628187021,-33.25,55348,7434,,
05/08/2021 15:10:51,1628187051,-33.28,55375,7417,,
05/08/2021 15:11:21,1628187081,-33.4,55383,7331,,
05/08/2021 15:11:51,1628187111,-33.43,55375,7391,,
05/08/2021 15:12:21,1628187141,-33.25,55410,5422,,
05/08/2021 15:12:51,1628187171,-33.4,55487,7353,,
05/08/2021 15:13:21,1628187201,-33.34,55383,7337,,
05/08/2021 15:13:51,1628187231,-33.25,55375,5685,,
05/08/2021 15:14:21,1628187261,-33.31,55354,7408,,
05/08/2021 15:14:51,1628187291,-33.37,55446,7396,,
05/08/2021 15:15:21,1628187321,-33.28,55390,11366,,
05/08/2021 15:15:51,1628187351,-33.16,55368,7360,,
05/08/2021 15:16:21,1628187381,-33.22,55375,7350,,
05/08/2021 15:16:51,1628187411,-33.37,55404,7435,,
05/08/2021 15:17:21,1628187441,-33.31,55404,7415,,
05/08/2021 15:17:51,1628187471,-33.37,55375,7395,,
05/08/2021 15:18:21,1628187501,-33.28,55417,10866,,
05/08/2021 15:18:51,1628187531,-33.25,55334,7472,,
05/08/2021 15:19:21,1628187561,-33.43,55460,7385,,
05/08/2021 15:19:51,1628187591,-33.34,55383,7442,,
05/08/2021 15:20:21,1628187621,-33.25,55327,7425,,
05/08/2021 15:20:51,1628187651,-33.49,55404,7327,,
05/08/2021 15:21:21,1628187681,-33.49,55390,7391,,
05/08/2021 15:21:51,1628187711,-33.37,55410,7375,,
05/08/2021 15:22:21,1628187741,-33.46,55368,7359,,
05/08/2021 15:22:51,1628187771,-33.22,55390,7343,,
05/08/2021 15:23:21,1628187801,-33.19,55341,7432,,
05/08/2021 15:23:51,1628187831,-33.4,55312,7331,,
05/08/2021 15:24:21,1628187861,-33.31,55390,5358,,
05/08/2021 15:24:51,1628187891,-33.34,55397,7391,,
05/08/2021 15:25:21,1628187921,-33.12,55348,7370,,
05/08/2021 15:25:51,1628187951,-33.31,55383,7356,,
05/08/2021 15:26:21,1628187981,-33.37,55375,7438,,
05/08/2021 15:26:51,1628188011,-33.4,55361,8139,,
05/08/2021 15:27:21,1628188041,-33.19,55368,9147,,
05/08/2021 15:27:51,1628188071,-33.37,55375,7591,,
05/08/2021 15:28:21,1628188101,-33.4,55375,7374,,
05/08/2021 15:28:51,1628188131,-33.49,55375,5432,,
05/08/2021 15:29:51,1628188191,-33.22,55390,7429,,
05/08/2021 15:30:21,1628188221,-33.19,55397,7419,,
05/08/2021 15:30:51,1628188251,-33.34,55417,7406,,
05/08/2021 15:31:21,1628188281,-33.34,55383,7383,,
05/08/2021 15:31:51,1628188311,-33.19,55383,7382,,
05/08/2021 15:32:21,1628188341,-33.49,55453,7353,,
05/08/2021 15:32:51,1628188371,-33.49,55375,7444,,
05/08/2021 15:33:21,1628188401,-33.34,55383,7424,,
05/08/2021 15:33:52,1628188432,-33.19,55375,7411,,
05/08/2021 15:34:21,1628188461,-33.58,55368,7331,,
05/08/2021 15:34:51,1628188491,-33.37,55375,7380,,
05/08/2021 15:35:22,1628188522,-33.12,55390,7361,,
05/08/2021 15:35:52,1628188552,-33.19,55383,7346,,
05/08/2021 15:36:22,1628188582,-33.31,55410,7432,,
05/08/2021 15:36:52,1628188612,-33.28,55368,7419,,
05/08/2021 15:37:22,1628188642,-33.22,55375,7402,,
05/08/2021 15:37:52,1628188672,-33.43,55368,7393,,
05/08/2021 15:38:22,1628188702,-33.28,55375,7369,,
05/08/2021 15:38:52,1628188732,-33.25,55368,5408,,
05/08/2021 15:39:22,1628188762,-33.31,55404,7445,,
05/08/2021 15:39:52,1628188792,-33.25,55390,7423,,
05/08/2021 15:40:22,1628188822,-33.31,55397,5361,,
05/08/2021 15:40:52,1628188852,-33.31,55390,7392,,
05/08/2021 15:41:22,1628188882,-33.46,55383,7837,,
05/08/2021 15:41:52,1628188912,-33.28,55383,10944,,
05/08/2021 15:42:22,1628188942,-33.4,55375,5707,,
05/08/2021 15:42:52,1628188972,-33.43,55439,7431,,
05/08/2021 15:43:22,1628189002,-33.25,55291,7415,,
05/08/2021 15:43:52,1628189032,-33.19,55235,7399,,
05/08/2021 15:44:22,1628189062,-32.82,55151,5437,,
05/08/2021 15:44:52,1628189092,-33.19,55200,7369,,
05/08/2021 15:45:22,1628189122,-33.37,55417,8374,,
05/08/2021 15:45:52,1628189152,-33.28,55215,7639,,
05/08/2021 15:46:22,1628189182,-33.09,55327,7523,,
05/08/2021 15:46:52,1628189212,-33.19,55298,8531,,
05/08/2021 15:47:22,1628189242,-33,55067,7395,,
05/08/2021 15:47:52,1628189272,-33.43,55298,7374,,
05/08/2021 15:48:22,1628189302,-33.03,55222,7358,,
05/08/2021 15:48:52,1628189332,-33.16,55271,7331,,
05/08/2021 15:49:22,1628189362,-33.55,55278,7428,,
05/08/2021 15:49:52,1628189392,-32.97,55334,7414,,
05/08/2021 15:50:22,1628189422,-33.28,55229,7398,,
05/08/2021 15:50:52,1628189452,-32.76,55054,11375,,
05/08/2021 15:51:22,1628189482,-33.16,55159,11366,,
05/08/2021 15:51:52,1628189512,-33.09,55285,12981,,
05/08/2021 15:52:22,1628189542,-33.22,55305,7332,,
05/08/2021 15:52:52,1628189572,-33.34,55271,5330,,
05/08/2021 15:53:22,1628189602,-32.97,55271,10274,,
05/08/2021 15:53:52,1628189632,-32.94,55285,7396,,
05/08/2021 15:54:22,1628189662,-33.4,55431,9271,,
05/08/2021 15:54:52,1628189692,-33.09,55285,10225,,
05/08/2021 15:55:22,1628189722,-32.88,54969,8179,,
05/08/2021 15:55:52,1628189752,-33.34,55291,7428,,
05/08/2021 15:56:22,1628189782,-33.34,55334,5369,,
05/08/2021 15:56:52,1628189812,-33,55235,9138,,
05/08/2021 15:57:22,1628189842,-33.12,55354,8408,,
05/08/2021 15:57:52,1628189872,-33.22,55271,7395,,
05/08/2021 15:58:22,1628189902,-33.52,55368,9093,,
05/08/2021 15:58:52,1628189932,-33.12,55186,13099,,
05/08/2021 15:59:22,1628189962,-33.19,55285,5373,,
05/08/2021 15:59:52,1628189992,-32.94,55229,17135,,
05/08/2021 16:00:22,1628190022,-33.28,55207,9028,,
05/08/2021 16:00:52,1628190052,-33.4,55298,12290,,
05/08/2021 16:01:23,1628190083,-33.22,55229,6036,,
05/08/2021 16:01:53,1628190113,-33.28,55417,11025,,
05/08/2021 16:02:23,1628190143,-33.19,55312,5994,,
05/08/2021 16:02:53,1628190173,-33.03,55166,8070,,
05/08/2021 16:03:23,1628190203,-33.37,55193,7336,,
05/08/2021 16:03:53,1628190233,-33.25,55319,9939,,
05/08/2021 16:04:23,1628190263,-33.28,55431,7364,,
05/08/2021 16:04:53,1628190293,-33.22,55354,7332,,
05/08/2021 16:05:23,1628190323,-33.34,55361,7846,,
05/08/2021 16:05:53,1628190353,-33.22,55424,7329,,
05/08/2021 16:06:23,1628190383,-33.49,55460,7332,,
05/08/2021 16:06:53,1628190413,-33.49,55341,7333,,
05/08/2021 16:07:23,1628190443,-33.34,55348,7375,,
05/08/2021 16:07:53,1628190473,-33.03,55088,8357,,
05/08/2021 16:08:23,1628190503,-33.31,55354,7467,,
05/08/2021 16:08:53,1628190533,-33.34,55348,8862,,
05/08/2021 16:09:23,1628190563,-33.43,55410,7411,,
05/08/2021 16:09:53,1628190593,-32.91,55229,7400,,
05/08/2021 16:10:23,1628190623,-33.37,55383,7328,,
05/08/2021 16:10:53,1628190653,-33.09,55368,7364,,
05/08/2021 16:11:23,1628190683,-33.4,55375,7350,,
05/08/2021 16:11:53,1628190713,-33.22,55361,8870,,
05/08/2021 16:12:23,1628190743,-33.25,55319,7421,,
05/08/2021 16:12:53,1628190773,-33.34,55390,7404,,
05/08/2021 16:13:23,1628190803,-33.16,55446,7388,,
05/08/2021 16:13:53,1628190833,-33.19,55404,7370,,
05/08/2021 16:14:23,1628190863,-33.34,55404,7356,,
05/08/2021 16:14:53,1628190893,-33.34,55417,7341,,
05/08/2021 16:15:23,1628190923,-33.37,55390,7428,,
05/08/2021 16:15:53,1628190953,-33.46,55404,7410,,
05/08/2021 16:16:23,1628190983,-33.4,55397,7497,,
05/08/2021 16:16:53,1628191013,-33.22,55397,7380,,
05/08/2021 16:17:23,1628191043,-33.31,55383,7363,,
05/08/2021 16:17:53,1628191073,-33.25,55410,7349,,
05/08/2021 16:18:23,1628191103,-33.49,55397,7435,,
05/08/2021 16:18:53,1628191133,-33.31,55431,7419,,
05/08/2021 16:19:23,1628191163,-33.34,55404,7405,,
05/08/2021 16:19:53,1628191193,-33.37,55417,7336,,
05/08/2021 16:20:23,1628191223,-33.37,55383,7369,,
05/08/2021 16:20:53,1628191253,-33.4,55390,7355,,
05/08/2021 16:21:23,1628191283,-33.55,55397,7338,,
05/08/2021 16:21:53,1628191313,-33.43,55368,7626,,
05/08/2021 16:22:23,1628191343,-33.52,55424,7410,,
05/08/2021 16:22:53,1628191373,-33.61,55404,7329,,
05/08/2021 16:23:23,1628191403,-33,55327,7382,,
05/08/2021 16:23:53,1628191433,-33.37,55341,7364,,
05/08/2021 16:24:23,1628191463,-33.49,55361,7349,,
05/08/2021 16:24:53,1628191493,-33.43,55151,7435,,
05/08/2021 16:25:23,1628191523,-33.37,55368,7329,,
05/08/2021 16:25:53,1628191553,-33.16,55159,7406,,
05/08/2021 16:26:23,1628191583,-33.22,55305,7392,,
05/08/2021 16:26:54,1628191614,-33.49,55410,7373,,
05/08/2021 16:27:24,1628191644,-33.37,55417,5412,,
05/08/2021 16:27:54,1628191674,-33.67,55453,7339,,
05/08/2021 16:28:24,1628191704,-33.49,55404,7340,,
05/08/2021 16:28:54,1628191734,-33.58,55410,7411,,
05/08/2021 16:29:24,1628191764,-33.55,55417,5351,,
05/08/2021 16:29:54,1628191794,-33.58,55404,7390,,
05/08/2021 16:30:24,1628191824,-33.31,55361,7367,,
05/08/2021 16:30:54,1628191854,-33.46,55410,7351,,
05/08/2021 16:31:24,1628191884,-33.4,55410,7443,,
05/08/2021 16:31:54,1628191914,-33.43,55383,7939,,
05/08/2021 16:32:24,1628191944,-33.55,55410,7407,,
05/08/2021 16:32:54,1628191974,-33.61,55397,7396,,
05/08/2021 16:33:24,1628192004,-33.49,55410,7374,,
05/08/2021 16:33:54,1628192034,-33.34,55404,7358,,
05/08/2021 16:34:24,1628192064,-33.43,55397,9391,,
05/08/2021 16:34:54,1628192094,-33.46,55383,7430,,
05/08/2021 16:35:24,1628192124,-33.52,55354,10898,,
05/08/2021 16:35:54,1628192154,-33.58,55460,7399,,
05/08/2021 16:36:24,1628192184,-33.49,55397,7385,,
05/08/2021 16:36:54,1628192214,-33.46,55341,7369,,
05/08/2021 16:37:24,1628192244,-33.28,55397,5340,,
05/08/2021 16:37:54,1628192274,-33.52,55446,7449,,
05/08/2021 16:38:24,1628192304,-33.34,55417,22895,,
05/08/2021 16:38:54,1628192334,-33.28,55397,7412,,
05/08/2021 16:39:24,1628192364,-33.4,55410,10439,,
05/08/2021 16:39:54,1628192394,-33.55,55390,7376,,
05/08/2021 16:40:24,1628192424,-33.34,55375,7364,,
05/08/2021 16:41:24,1628192484,-33.16,55249,5392,,
05/08/2021 16:41:54,1628192514,-33.25,55327,7423,,
05/08/2021 16:42:24,1628192544,-33.12,55271,7405,,
05/08/2021 16:42:54,1628192574,-33.22,55319,7389,,
05/08/2021 16:43:24,1628192604,-33.31,55334,7574,,
05/08/2021 16:43:54,1628192634,-33.31,55305,7351,,
05/08/2021 16:44:24,1628192664,-33.19,55291,7441,,
05/08/2021 16:44:54,1628192694,-33.37,55431,7431,,
05/08/2021 16:45:24,1628192724,-33.43,55361,7407,,
05/08/2021 16:45:54,1628192754,-33.4,55354,7411,,
05/08/2021 16:46:24,1628192784,-33.46,55348,7373,,
05/08/2021 16:46:54,1628192814,-33.49,55354,7367,,
05/08/2021 16:47:24,1628192844,-33.16,55327,7345,,
05/08/2021 16:47:54,1628192874,-33.4,55410,7444,,
05/08/2021 16:48:24,1628192904,-33.67,55383,7429,,
05/08/2021 16:48:54,1628192934,-33.58,55305,7410,,
05/08/2021 16:49:24,1628192964,-33.25,55319,7493,,
05/08/2021 16:49:54,1628192994,-33.37,55397,8397,,
05/08/2021 16:50:24,1628193024,-33.46,55312,7363,,
05/08/2021 16:50:54,1628193054,-33.58,55453,7448,,
05/08/2021 16:51:24,1628193084,-33.52,55397,7335,,
05/08/2021 16:51:54,1628193114,-33.37,55256,7414,,
05/08/2021 16:52:24,1628193144,-33.34,55327,7406,,
05/08/2021 16:52:54,1628193174,-33.52,55410,7382,,
05/08/2021 16:53:25,1628193205,-33.4,55348,7366,,
05/08/2021 16:53:55,1628193235,-33.52,55417,7342,,
05/08/2021 16:54:25,1628193265,-33.43,55397,7432,,
05/08/2021 16:54:55,1628193295,-33.49,55516,7426,,
05/08/2021 16:55:25,1628193325,-33.34,55383,7401,,
05/08/2021 16:55:55,1628193355,-33.49,55466,7381,,
05/08/2021 16:56:25,1628193385,-33.28,55305,10334,,
05/08/2021 16:56:55,1628193415,-33.46,55424,5403,,
05/08/2021 16:57:25,1628193445,-33.46,55327,7436,,
05/08/2021 16:57:55,1628193475,-33.28,55151,7422,,
05/08/2021 16:58:25,1628193505,-33.46,55256,7405,,
05/08/2021 16:58:55,1628193535,-33.61,55404,7393,,
05/08/2021 16:59:25,1628193565,-33.16,55130,7374,,
05/08/2021 16:59:55,1628193595,-33.4,55271,7374,,
05/08/2021 17:00:25,1628193625,-33.22,55229,7341,,
05/08/2021 17:00:55,1628193655,-33.7,55348,7338,,
05/08/2021 17:01:25,1628193685,-33.7,55375,7327,,
05/08/2021 17:01:55,1628193715,-33.34,55327,7398,,
05/08/2021 17:02:55,1628193775,-33.43,55271,7364,,
05/08/2021 17:03:25,1628193805,-33.46,55312,7963,,
05/08/2021 17:03:55,1628193835,-33.58,55431,7436,,
05/08/2021 17:04:25,1628193865,-33.37,55291,7419,,
05/08/2021 17:04:55,1628193895,-33.46,55249,7407,,
05/08/2021 17:05:25,1628193925,-33.43,55446,7389,,
05/08/2021 17:05:55,1628193955,-33.4,55354,7375,,
05/08/2021 17:06:25,1628193985,-33.64,55460,7872,,
05/08/2021 17:06:55,1628194015,-33.34,55207,7341,,
05/08/2021 17:07:25,1628194045,-33.55,55424,7425,,
05/08/2021 17:07:55,1628194075,-33.55,55417,8424,,
05/08/2021 17:08:25,1628194105,-33.46,55361,7394,,
05/08/2021 17:08:55,1628194135,-33.64,55516,7403,,
05/08/2021 17:09:25,1628194165,-33.37,55404,7364,,
05/08/2021 17:09:55,1628194195,-33.52,55312,7348,,
05/08/2021 17:10:25,1628194225,-33.37,55249,7435,,
05/08/2021 17:10:55,1628194255,-33.52,55460,5374,,
05/08/2021 17:11:25,1628194285,-33.43,55256,7714,,
05/08/2021 17:11:55,1628194315,-33.34,55327,7394,,
05/08/2021 17:12:25,1628194345,-33.52,55410,7372,,
05/08/2021 17:12:55,1628194375,-33.43,55460,7359,,
05/08/2021 17:13:25,1628194405,-33.25,55368,7337,,
05/08/2021 17:13:55,1628194435,-33.52,55453,5378,,
05/08/2021 17:14:25,1628194465,-33.52,55453,7411,,
05/08/2021 17:14:55,1628194495,-33.61,55424,7610,,
05/08/2021 17:15:25,1628194525,-33.7,55431,7392,,
05/08/2021 17:15:55,1628194555,-33.52,55424,7363,,
05/08/2021 17:16:25,1628194585,-33.7,55439,7454,,
05/08/2021 17:16:55,1628194615,-33.46,55424,7438,,
05/08/2021 17:17:25,1628194645,-33.52,55460,7517,,
05/08/2021 17:17:55,1628194675,-33.49,55460,7514,,
05/08/2021 17:18:25,1628194705,-33.61,55516,5344,,
05/08/2021 17:18:55,1628194735,-33.55,55446,8387,,
05/08/2021 17:19:26,1628194766,-33.67,55460,7353,,
05/08/2021 17:19:56,1628194796,-33.55,55480,7455,,
05/08/2021 17:20:26,1628194826,-33.46,55487,5385,,
05/08/2021 17:20:56,1628194856,-33.64,55446,7420,,
05/08/2021 17:21:26,1628194886,-33.8,55439,5361,,
05/08/2021 17:21:56,1628194916,-33.61,55431,5435,,
05/08/2021 17:22:26,1628194946,-33.49,55439,7361,,
05/08/2021 17:22:56,1628194976,-33.61,55439,7349,,
05/08/2021 17:23:26,1628195006,-33.7,55453,5387,,
05/08/2021 17:23:56,1628195036,-33.7,55431,5368,,
05/08/2021 17:24:26,1628195066,-33.61,55431,7415,,
05/08/2021 17:24:56,1628195096,-33.58,55439,7388,,
05/08/2021 17:25:26,1628195126,-33.74,55439,7377,,
05/08/2021 17:25:56,1628195156,-33.55,55446,7363,,
05/08/2021 17:26:26,1628195186,-33.58,55466,7346,,
05/08/2021 17:26:56,1628195216,-33.67,55424,7436,,
05/08/2021 17:27:26,1628195246,-33.7,55397,6183,,
05/08/2021 17:27:56,1628195276,-33.7,55446,8118,,
05/08/2021 17:28:26,1628195306,-33.58,55446,8100,,
05/08/2021 17:28:56,1628195336,-33.67,55460,7366,,
05/08/2021 17:29:26,1628195366,-33.61,55460,10426,,
05/08/2021 17:29:56,1628195396,-33.77,55460,7431,,
05/08/2021 17:30:26,1628195426,-33.74,55417,7421,,
05/08/2021 17:30:56,1628195456,-33.7,55509,7411,,
05/08/2021 17:31:26,1628195486,-33.58,55529,5457,,
05/08/2021 17:31:56,1628195516,-33.7,55473,7381,,
05/08/2021 17:32:26,1628195546,-33.8,55487,7357,,
05/08/2021 17:32:56,1628195576,-33.7,55487,7337,,
05/08/2021 17:33:26,1628195606,-33.67,55453,7440,,
05/08/2021 17:33:56,1628195636,-33.67,55439,7415,,
05/08/2021 17:34:26,1628195666,-33.83,55453,7397,,
05/08/2021 17:34:56,1628195696,-33.86,55487,7379,,
05/08/2021 17:35:26,1628195726,-33.67,55487,6448,,
05/08/2021 17:35:56,1628195756,-33.58,55431,5412,,
05/08/2021 17:36:26,1628195786,-33.8,55502,7434,,
05/08/2021 17:36:56,1628195816,-33.64,55509,8656,,
05/08/2021 17:37:26,1628195846,-33.67,55480,7419,,
05/08/2021 17:38:26,1628195906,-33.64,55466,7371,,
05/08/2021 17:39:26,1628195966,-33.61,55502,8769,,
05/08/2021 17:39:56,1628195996,-33.67,55480,7729,,
05/08/2021 17:40:26,1628196026,-33.77,55509,7406,,
05/08/2021 17:40:56,1628196056,-33.49,55466,7701,,
05/08/2021 17:41:26,1628196086,-33.67,55516,7376,,
05/08/2021 17:41:56,1628196116,-33.89,55453,7360,,
05/08/2021 17:42:26,1628196146,-33.83,55466,7344,,
05/08/2021 17:42:56,1628196176,-33.74,55473,7435,,
05/08/2021 17:43:26,1628196206,-33.77,55509,7420,,
05/08/2021 17:43:56,1628196236,-33.83,55480,5352,,
05/08/2021 17:44:26,1628196266,-33.74,55466,7383,,
05/08/2021 17:44:56,1628196296,-33.77,55487,7365,,
05/08/2021 17:45:27,1628196327,-33.7,55453,7352,,
05/08/2021 17:45:57,1628196357,-33.83,55536,7551,,
05/08/2021 17:46:27,1628196387,-33.89,55460,10290,,
05/08/2021 17:46:57,1628196417,-33.74,55516,7406,,
05/08/2021 17:47:27,1628196447,-33.7,55487,5340,,
05/08/2021 17:47:57,1628196477,-33.83,55487,7392,,
05/08/2021 17:48:27,1628196507,-33.83,55453,8385,,
05/08/2021 17:48:57,1628196537,-33.37,55271,7344,,
05/08/2021 17:49:27,1628196567,-33.77,55551,7429,,
05/08/2021 17:49:57,1628196597,-33.86,55621,7415,,
05/08/2021 17:50:27,1628196627,-33.77,55592,8318,,
05/08/2021 17:50:57,1628196657,-33.77,55551,7381,,
05/08/2021 17:51:27,1628196687,-33.77,55473,7365,,
05/08/2021 17:51:57,1628196717,-33.86,55522,7351,,
05/08/2021 17:52:27,1628196747,-33.77,55516,7436,,
05/08/2021 17:52:57,1628196777,-33.74,55509,7420,,
05/08/2021 17:53:27,1628196807,-33.7,55536,7406,,
05/08/2021 17:53:57,1628196837,-33.7,55536,7390,,
05/08/2021 17:54:27,1628196867,-33.83,55480,5427,,
05/08/2021 17:54:57,1628196897,-33.95,55473,7356,,
05/08/2021 17:55:27,1628196927,-33.83,55502,10924,,
05/08/2021 17:55:57,1628196957,-33.86,55460,7329,,
05/08/2021 17:56:27,1628196987,-33.77,55460,7330,,
05/08/2021 17:56:57,1628197017,-33.95,55473,5336,,
05/08/2021 17:57:27,1628197047,-33.86,55446,7389,,
05/08/2021 17:57:57,1628197077,-33.89,55543,8079,,
05/08/2021 17:58:27,1628197107,-33.74,55480,8063,,
05/08/2021 17:58:57,1628197137,-33.74,55509,9082,,
05/08/2021 17:59:27,1628197167,-33.77,55473,8032,,
05/08/2021 17:59:57,1628197197,-33.67,55502,7404,,
05/08/2021 18:00:27,1628197227,-33.74,55487,7385,,
05/08/2021 18:00:57,1628197257,-33.8,55480,7371,,
05/08/2021 18:01:27,1628197287,-33.89,55536,7356,,
05/08/2021 18:01:57,1628197317,-33.58,55446,7345,,
05/08/2021 18:02:27,1628197347,-33.92,55529,9062,,
05/08/2021 18:02:57,1628197377,-33.8,55460,7412,,
05/08/2021 18:03:27,1628197407,-33.92,55480,7908,,
05/08/2021 18:03:57,1628197437,-33.77,55509,7893,,
05/08/2021 18:04:27,1628197467,-33.95,55502,7831,,
05/08/2021 18:04:57,1628197497,-33.74,55502,7348,,
05/08/2021 18:05:28,1628197528,-33.7,55460,7441,,
05/08/2021 18:05:57,1628197557,-33.77,55502,8792,,
05/08/2021 18:06:28,1628197588,-33.67,55480,7405,,
05/08/2021 18:06:57,1628197617,-33.83,55480,7387,,
05/08/2021 18:07:27,1628197647,-33.83,55480,7790,,
05/08/2021 18:07:57,1628197677,-33.83,55473,7763,,
05/08/2021 18:08:27,1628197707,-33.95,55480,7709,,
05/08/2021 18:08:57,1628197737,-33.74,55312,7528,,
05/08/2021 18:09:27,1628197767,-33.67,55502,7413,,
05/08/2021 18:09:57,1628197797,-33.52,55263,5759,,
05/08/2021 18:10:28,1628197828,-33.55,55431,7692,,
05/08/2021 18:10:58,1628197858,-33.67,55502,7365,,
05/08/2021 18:11:28,1628197888,-33.64,55558,7350,,
05/08/2021 18:11:58,1628197918,-33.64,55473,5388,,
05/08/2021 18:12:28,1628197948,-33.67,55431,8434,,
05/08/2021 18:12:58,1628197978,-33.7,55446,7406,,
05/08/2021 18:13:28,1628198008,-33.67,55460,7594,,
05/08/2021 18:13:58,1628198038,-33.74,55522,7373,,
05/08/2021 18:14:28,1628198068,-33.74,55460,7357,,
05/08/2021 18:14:58,1628198098,-33.95,55516,7341,,
05/08/2021 18:15:28,1628198128,-33.74,55509,7437,,
05/08/2021 18:15:58,1628198158,-33.64,55529,7411,,
05/08/2021 18:16:28,1628198188,-33.67,55453,7397,,
05/08/2021 18:16:58,1628198218,-33.7,55522,7381,,
05/08/2021 18:17:28,1628198248,-33.86,55509,5524,,
05/08/2021 18:17:58,1628198278,-33.8,55480,5712,,
05/08/2021 18:18:28,1628198308,-33.67,55502,7437,,
05/08/2021 18:18:58,1628198338,-33.67,55487,7328,,
05/08/2021 18:19:28,1628198368,-33.8,55487,8328,,
05/08/2021 18:19:58,1628198398,-33.8,55529,7386,,
05/08/2021 18:20:28,1628198428,-33.67,55529,5425,,
05/08/2021 18:20:58,1628198458,-33.7,55487,7362,,
05/08/2021 18:21:28,1628198488,-33.74,55453,7543,,
05/08/2021 18:21:58,1628198518,-33.64,55424,7430,,
05/08/2021 18:22:28,1628198548,-33.77,55516,7410,,
05/08/2021 18:22:58,1628198578,-33.49,55509,7414,,
05/08/2021 18:23:28,1628198608,-33.7,55460,10245,,
